-- phpMyAdmin SQL Dump
-- version 4.8.3
-- https://www.phpmyadmin.net/
--
-- Host: 127.0.0.1
-- Generation Time: Nov 30, 2019 at 10:09 AM
-- Server version: 10.1.35-MariaDB
-- PHP Version: 7.2.9

SET SQL_MODE = "NO_AUTO_VALUE_ON_ZERO";
SET AUTOCOMMIT = 0;
START TRANSACTION;
SET time_zone = "+00:00";


/*!40101 SET @OLD_CHARACTER_SET_CLIENT=@@CHARACTER_SET_CLIENT */;
/*!40101 SET @OLD_CHARACTER_SET_RESULTS=@@CHARACTER_SET_RESULTS */;
/*!40101 SET @OLD_COLLATION_CONNECTION=@@COLLATION_CONNECTION */;
/*!40101 SET NAMES utf8mb4 */;

--
-- Database: `placement_mngmt_syst`
--

-- --------------------------------------------------------

--
-- Table structure for table `admin`
--

CREATE TABLE `admin` (
  `Admin_ID` varchar(20) NOT NULL,
  `Admin_name` text NOT NULL,
  `Admin_email` varchar(30) NOT NULL,
  `Admin_password` varchar(30) NOT NULL
) ENGINE=InnoDB DEFAULT CHARSET=latin1;

--
-- Dumping data for table `admin`
--

INSERT INTO `admin` (`Admin_ID`, `Admin_name`, `Admin_email`, `Admin_password`) VALUES
('admin_1', 'Bipin', 'bipin.919@gmail.com', 'bipin123'),
('admin_2', 'Abhishek', 'abhi. jaga17@gmail.com', 'abhishek123'),
('admin_3', 'Jairaj', 'jairajpisupati98@gmail.com', 'jairaj123'),
('admin_4', 'Nikhil', 'nikhil.hy1@gmail.com', 'nikhil123');

-- --------------------------------------------------------

--
-- Table structure for table `alumni`
--

CREATE TABLE `alumni` (
  `Company_ID` varchar(20) NOT NULL,
  `Alumni_id` varchar(20) NOT NULL,
  `Alumni_name` text NOT NULL,
  `Alumni_email` varchar(30) NOT NULL,
  `Alumni_phone_no` bigint(50) NOT NULL,
  `image` blob
) ENGINE=InnoDB DEFAULT CHARSET=latin1;

--
-- Dumping data for table `alumni`
--

INSERT INTO `alumni` (`Company_ID`, `Alumni_id`, `Alumni_name`, `Alumni_email`, `Alumni_phone_no`, `image`) VALUES
('1053', 'A001', 'Suhas Iyer', 'suhas@gmail.com', 8861103652, 0xffd8ffe000104a46494600010100000100010000ffdb0043000302020302020303030304030304050805050404050a070706080c0a0c0c0b0a0b0b0d0e12100d0e110e0b0b1016101113141515150c0f171816141812141514ffdb00430103040405040509050509140d0b0d1414141414141414141414141414141414141414141414141414141414141414141414141414141414141414141414141414ffc000110801f401f403012200021101031101ffc4001f0000010501010101010100000000000000000102030405060708090a0bffc400b5100002010303020403050504040000017d01020300041105122131410613516107227114328191a1082342b1c11552d1f02433627282090a161718191a25262728292a3435363738393a434445464748494a535455565758595a636465666768696a737475767778797a838485868788898a92939495969798999aa2a3a4a5a6a7a8a9aab2b3b4b5b6b7b8b9bac2c3c4c5c6c7c8c9cad2d3d4d5d6d7d8d9dae1e2e3e4e5e6e7e8e9eaf1f2f3f4f5f6f7f8f9faffc4001f0100030101010101010101010000000000000102030405060708090a0bffc400b51100020102040403040705040400010277000102031104052131061241510761711322328108144291a1b1c109233352f0156272d10a162434e125f11718191a262728292a35363738393a434445464748494a535455565758595a636465666768696a737475767778797a82838485868788898a92939495969798999aa2a3a4a5a6a7a8a9aab2b3b4b5b6b7b8b9bac2c3c4c5c6c7c8c9cad2d3d4d5d6d7d8d9dae2e3e4e5e6e7e8e9eaf2f3f4f5f6f7f8f9faffda000c03010002110311003f00fd53a28a2800a28a2800a28a2800a28a2800a28a2800a28a280108cd3714fa280116968a2800a28a2800a28a2800a28a2800a28a2800a28a2800a28a2800a28a2800a28a2800a28a2800a28a2801a452629f452b00d228c53a8a2c0331453e93028b00da283d68a900a08cd14500348c5253e8c54357019487a53cad36a1c580da63e474e6a52334c22b31a1b83e94847a7152530f0693288ca851d33509e4fa5582a73c546d19078e7359b5705e640ea33d7351609fc2ac94238c734cc11d6922add888aee1c75a615dc2ac0519e94d65ac9a2e37ea4023c718e69368c66a6e72722908dbc0150590515211453b0ee6fd14515ed1c6145145001451450014514500145145001451450014514500145145001451450014514500145145001451450014514500145145001451450014514500145145001451450014514500145145002119a5a28a006914609a7514ac03318a29c7a536958028a28a4014119a28a5601b8c5348a7919a6d64d00dc73453a91ab3634308a4a7d348a968a1841a8a45e38a9b1cd32402a6c3bd8808c504646297926820d434691d88c8c1f5a0f34f238fad30e056562c6d14bb739e714516036a8a28af64e40a28a2800a28a2800a28a2800a28a2800a28a2800a28a2800a28a2800a28a2800a28a2800a28a2800a28a2800a28a2800a28a2800a28a2800a28a2800a28a2800a28a2800a28a2800a28a2800a28a2800a28a2800a42334b4500328a52292a580514514802823345149ab808460534f4a71e94d359ca3d806d14515896349cd34ad3c0c5230a902065c371d29bdf1e953919c546ebb4714997164279a42334ec6692b1b143769a29d4522cd6a28a2bd839028a28a0028a28a0028a28a0028a28a0028a28a0028a28a0028a28a0028a28a0028a28a0028a28a0028a28a0028a42d8af1df8edfb48683f06f4f78da48efb5b65dc964ae06c1fde90f61fcea652515765462e6f963b9ebf2ce90a333b0455192cc7000ae23c51f1c3c0be0fb4967d4fc4d61179639892512487e8ab926bf39be2bfed75e24f8991bdacba9f9762738b5b3630a7d0e396fc49af9b758f1c44be624f98a666da647258fa75cff4ae478872f811e9d3c049abcd9fae9a27ed8bf0cfc45a81d3ed3c450c176e76c26f95a18a53fef11c7e38af46f0b7c44d37c477525899e18b538b96b65943ef4ece847de53f98ee057e1fe9f76d711bc4d790cd36d2f146c02993fdd246338f7cd745a1fc7cf13f84750d2aeec2ee6b6b9d2a4dd692e7718d4f55c9eaa7fba723d2b3f6f35b9a4f011b5e0cfdc90734b5f017c33ff829dd94da6795e2dd05c5e2a0097362ff00248de8ca7eef6ee6bdcfe17fedb7e08f8876d2bcfe6e8c636dae6e3945cf4258702ba95683ea7993a3386ad1f45515474ad6acb5bb48eeac2ea1bcb6719596070ea7f11574107bd6d731168a28a6014514500145145001451450014514500145145001498cd2d1400ca29c45263dea5809452918a4a4014d229d454b023228c714e3c52564d0ee36908cd3f14d23150c6370698fcd4b5137b8a81a7620c00722908a737718c526302b295cd46d14b454166ad14515ec1c814514500145145001451450014514500145145001451450014514500145145001451450014514500145158fe2cf13d8783fc3f7dac6a537916369199247c64e3d00ee49c0fc69376570df63c6bf69ff00da1a0f84fa28d374fba44d76f7e547e18c0bfde0bfdee78cf4afcd7f89ba9dccd35c6ad3eaf36aab70dbe6b9b86f30963d727a8af5df8b3e27b9f891e2fd47c43a9308e2b863f6681b831479e07d70067d4e6bcdae749b5b9d1aeada5895251f315c82920f51efff00d6af22ad6e67e47d46130ea9c6cf76716fa55bd95bc7e6c67ca92408add4a3100f07d0e6b90f887e03b98a08afd577c4cd8dc3a1f43f955e9bc6cba44971a26a6a5ad739b7940c9465e571ed53a78fade58e6d2ee5c3e9b7b878ddfac52e38fc09acd4a4b53aeca4f964717a46933cfa2df5bca5ede7b561242dd303aff4fe75b31694faf6948c50c53cb1ec8a541806403a7b67a7e22aeeb0d08d1bed16f1ed94a182503be32463f0c8cd61e91afb4fe1f9232ca514fca578e7a1e9d39c1fc6a9cb9b5445945f2b3997bcbbd2f547b790e4291ba375c106b725d6a66b1db1e67864e7c9ddc7f9cd519f58b4d7ae95ef6122ef681248a70c4824061ebc01f91a9e6b086cee2db6b8901fbfd4657fc6a9b39f96e9db63d43e097ed2be38f825a9490687a97d92da741beda705a3cf63b463279c57e807ecb1fb7345f13b506f0ff8ba34b0d65788ae603ba19be6c67a647247f8d7e4deb16df61bc951d98b673f336302b73c1de3a9b43f1169d2c0e629ad6412c72a9c60f1fa56f19bb5ce2ab42136f4d4fe8411c38c8e94eaf947f67afdbbfc1bf112df49d17c4575fd81e239a35406f14a413be31f2c878e4f404fb57d591c8b2a2b290ca46411d0d77464a4ae8f1649c5d98ea28a2ac414514500145145001451450014514500145145001498a5a28010f4a6d38f348462930128a28a900c5329f4846695806d07914b4958b5601841a8e43c54a7ad31941ac99633071513291d471539e2985778e291699011cf4fd68a732e0f4a2b3e534b9a9451457a87285145140051451400514514005145140051451400514514005145140051451400514514005145140084e2be57fdb4be2208f4fb3f06594b8b89c8bbbbc1e5507dd5fc4e4fe15f534adb10b7a57e697c55d767d77e2b788afaea613092f5e15914f545caa8071c0c0ae4c4cdc6165d4eec1d3e7ab77d0e3b5dd3fc9d2e4963203a47b8bb0c91df258ff4af9eb5df88bfd9b7f2c42613458382add0e083823d7e53f55af4df1d6a7fda96cda74d717361b7e63b47c8e39e09cf4af39f0e7c11d57c73765ec2dcc90827e768c05c7b578d29d38479aa687d653a5566fdc3cc754927d72e4b05f343b7df1d056c695f0f757d42211c503151f7739e476afa8bc07fb1a5d0bd8a5d47f771e77321518edc1f5afa1bc3df05f47f0f5b0896dd1cf1d1702bceaf992565495cf4e8658dbbd43f39aef43d5f48b29adee6da41b971c839c8ae4ed6c6fed1e445b790c3292cc31ce7bfe86bf4f7c4ff000ab45bc5f9ace32fdb2335e797df04b4a9a53e4da88b1d70a318ae7866ad2b4a26b532949ee7e765f596a11488e6392365e56420f3f5ad08354bafb228ba560f1c819589238cf2057dcde20f825a5476e716c870bdc0c9fc2bc1fc7bf04a497cc1691b3953f2f1d3e95dd4b33a756ca4accf3aa65becfe177f23c87c45a9a5fde34e1434724af861fc233c7f2fd2b2aead05bdc23f411f27f9d6ec3e02d5741d5ed61d4ed58d989332b96e0293543c561975abe0b18587ce60a02f41ebc76af66138caca2ee78f52128b6e4ac696917ec96f9561e6a4998e5590aba9ec3af41d6bf67bf633f8e5a67c5ff84fa7411df99f5bd2215b5be864187040c2b7fb408c735f8836b3b4304891390ecc1947a1af7cfd91be2c6a1f0c7e32786753864736f777296b770ac9b0189ced6cfae090707d2b78b7177479b8884671badcfdc314b51c52074523904645495dc8f2028a28a6014514500145145001451450014514500145145001451450034f5a4a7d30f5a96014514526021a6d388cd263159c930187ad21a735348cd62d143698dc74e33de9eca71c5211c715032267c1c73454bb68a0ae62e514515e8190514514005145140051451400514514005145140051451400514514005145140051451400514521a00a1afdfc7a568b7d7b290b1dbc2f2b13e8aa4ff4afcc2d4f5581bc4d3dcbaf9a65959b9e402c73fe3f957e817ed11e308bc1df09f5c9dd77cb7509b3857d5e41b73f8024fe15f9a5e2eba3a168da55dcc5be695216cf07254e3ff4135e5e324eea28f6b2e8ad5beba1956d692fc55f1b6a1688af1c5693ac11c71e307d49e3a9c1fa6315f6afc27f8576da268f05b5bc20b00371c63f0af9dbf678f0f7f626b57daa5ca44b6d70e9309c10002c594fd0648eb5f6ef80e206c432301cf06be43172e7ab7e87daa9fd570ae71df61b3f82becd6858e01c718eb587268ab1901d3000eb5dbeb9a834368e50ef61d8f535c3dcebc01064524138c57224ba9860eae26aa7293b9cbf89ed12c4f9bbb318f41d2b8a8ef555ee26d85908cf1cf435dc789c477366e6023f784fcbe95c52f87e5d8bfbc2aa0f181d6b9e7149bb1f5949cdd38f91cbf8a750592e0a28055a30783918ae2a7b58e5773b08e79aec3c41a3cf1caa549e9ce0e6b919edee2dddb729083b935a5357d8f1f137726e4717e30f07daf882ca7b79d5fc965ff96670720e7f1af8f7c59a6de685adde58e5cf952610c83ef2f63f5afbc14a3c6d800b81d3b5782fed01e1c1733adec76c15bcad8eeb8c119c83f81cfaf5af6b0359d29f2bd99e36221ed579a3e798dd9896601481ec4568785a79e2d56ca440d98d83b1f4e6b36659adf7798be613f2ae171cfaff002a9ecaf4697242a08f31d4b6e6e2be9fa1f3f24968d1fbe7fb3ffc43b0f89df09fc3dad58cab2e6d9609d46731ca836b29cf390457a357ce9fb05f80e7f037ece7e1c6b8bb86f1f5741aa2bc2385494065527b90315f45d76c2fcaae7cfcd252690514515a1014514500145145001451450014514500145145001451450014d6a75213400da28a2a002908a5a0f4a4c065348c53f18a43c8ac58ee3690ad2e08eb456650ca29f451602c514515dc40514514005145140051451400514514005145140051451400514514005145140051451400521e94b45007cf3fb6b1913e185a488acdb6f93381900107ad7c0df16e367f0ae9e23fde29b95278c95f97afeb5fa79f1f3c3d69e22f851e228eed37adbdabdd21ee190161fcb1f8d7e645c6a56fac68c6d9591d61d92c601fbd11500f5f4201ff0080d7958bf75dcfa0cb5a94795f467aafc1c732cc231e64d69fd9f0d9c8aa841676dcdc7bf007e35f67f86a18bc3fe18b66baf2d2f0c63cd6c6017239fd6be78fd99fc37e6787adb509405b759bcddccbcb9505571edcfe82bd6bc41ad9bf1c3ed85092a07b57c4bbd4a8cfacab45d751a09e8b5674b7016fc92aeb863ebd2b97d7b4b4808704641ea0e6bc07e21fc4df15e9b7372ba6453cf16d38589707f0e954be1cf8f7c5be25ba315f892dc0e42ca793c63057ff00af5525082bdcdf0d4a54a764f43dbafecc8b5006067a1ed595f698045bd884da39c9ad0b186fa5d1d4cca5e60849e38fad7cfbf10bc51a8581bab705a3662432e7b7b7a564f57ee9ecbafeca1aea6a7c4df8dbe1df0bc72879567923186451c9f6af00bcfda2e1d76f45b5b40ea646c2aedc63db35c35de8b0f8cbc566d926b8bfb9763b951b3df9cd7a04be00d23c23636ef77a3c4923f0924aff003647bd7a3154a8c55e2db3c4a8eb6227cf7491d468be298982add6e8642390c32335a3aad9aeaf60620636dcbf2b11b87d6b898f51d3ed26115cc72c50c9f759f05413efdabb6d1ad634b74daea60c65581c01ed8f4ac256dd6865cbcacf8dbe22e8d7de11f125fd8485e4859898e6c00306b9fb1b48e7bacc83cd0c0200393fe7a9fc6be9bf8ffe145b9f09ea17d05b07b80a8de6003e5da4e73ed835f2d68d2adb6e2de6338cfc88700d7d3616b7b6a57ea8f0f154bd954d3667eecfec63a95bea1fb37f8292de17812d6d3eca63760c414623a8ed5edf5f0bff00c12f3e2259df7c36bff0ddddfbff006c4376d2c7a7b9dde542413b97db3d7debee70735ed53778a3e4ea2b4da168a28ad0cc28a28a0028a28a0028a28a0028a28a0028a28a0028a28a00291a968a006814118a752114806d145152034e4d253e9a462a1ab8084668028a2b27a0ee18a28a280b93514515d620a28a2800a28a2800a28a2800a28a2800a28a2800a28a2800a28a2800a28a2800a28a2800a28a280399f89ba65ceb7f0f3c49a7d9102eaeb4f9e18f774dcd1b01fcebf24b4bd326b1d41e39a3f2dedb3641c9e5940de78fc4d7ec84a37211eb5f9b9fb4a7c2bbcf86ff0012a5ba650fa66a172f776cc87a03d411db1d2bcbc6c2e948f672da9cb370ee7d15f04f4d48be15e92a9902484376e09393fad5bf115aa69c91c3c9798ec507bff80ac8fd9afc4116a9e00f20329fb2ccc981d8751fcebb3f1778697558dda46642e85772361803e8474af8695d4dc0fb1c3d7e5adef3b267cfbf1a750d37c2fe0dd475682cae6f20b51fbebbb58f3121c8046f24024123201e39af9c346d635e30daf8af4f96e23b379bcb0933f520f4ea7db9afbdfc6567617ff0d97c33a8e9f692e98b185585498c0c74c8079af9da3f055f6b77f65a5e956096ba4594b9428311839ea3bb1fceba671a1ca9456a7a986a95ea3739a564ff000ee7d01f0735fbad73c3517f69c0619a487256418238af983f68eb596c351bf6b6e0b23118eb5f5f784fc389e17d1ed209176b242171debc0bf680d156698c8212c724f23b66b957baecba332a6e156755adb43e1cf84970da4fc45853537921b499c34ed0b857299e818918cf7239af58f8e5e18f0ff8d7c71a65f6937368ba242a15ed56222503396cb0cef3e8739e79ae43c47e0082e6e0cf1285914f28c3935b5e18f04fdbb6a79d77181fc28f915ebbc5282e689cab0ca575319e20d1e0fed557d183d9695b02fd8a47f3377fb407f0fe15d8f86edee0e9c6db7900af19ec6b7b48f86d14681879ac40cfef4e6b5174a874c72a23c115c33afed762bd97b28f29e6bf176e0e91f0d351495d5a4784c5b88fbc4d7c93a1f87eef5dd4e0b7b085e59a77da162193cd7d71f1ce14baf025fa3a9201180a39c835ccfc20bad0fc3d65a75a48ab6da94d0f9a660bc1f98e149fc8d7a186c47d5e8c9daeee7155a3f59a897647b37ec3de13b4f845f1eb4e82e6fa66d4750b47b59b7a031104021572720ee0bcfb11debf4ee3e9eb5f971a55fcb1fc6df055cdbf134b7f01f94f62467f4afd478fa57b795d695584b9bb9f3d9d61a142a53943ed2fc87d14515ed1f38145145001451450014514500145145001451450014514500145145001451450030f1452ed349520141e68a2900dc518a75153601b8a29d45201f451456c01451450014514500145145001451450014514500145145001451450014514500145145001451450035b815e0de3ad023f1afc55b8d0b533bec24b6568d768ca1c1e41af7961915e4de34b57d23e2b685aab2ffa35d21b62c3a071d33f5af0b378c9d18ca3d1abfa1eee4f251ab51757095bd77fd0f0ff00811e129fe1678fbc5fe1299b75b9945ddab13f790961fe1f957d0579a3cb736e8f192c40f9866bc62f6fc5ff00c753aa3dc186482dde23103c30c81b71fafe15f4168527da222dd17a63d6be32757da4b9d7a1eee611ad848d39bdda4fef3ca35cb1264712c606d3c9619aa9e1e7b74bf550b9c1fbc7b7d2bb7f8856f088a59010a715e5be0cd45758d7ae20b521e3b52048ddb77a55dddd24cf7b0b57eb184737a687aad9c71f88b576832555064900e2bcafe3ff0086974d8885433ab8047ad7a9ddf882ef489e2b7d3748645e0b5cb9186f5af3cf8f5af9b9f0f89da2fdec4a72abcd55eda58f2b05ed9574d69069ab5d7de7c85e2af0eb6a374a96a8a84a9dd9f5ed5ce7c37d6a4d3fc47369576a56e11cae0f3f956cb78cee62d49f6988066249907207a002b90f12ced657afab432086e8bf99e601deb7716d5ac7a70a8a3f11f4e6c54b342d8190320fd2b8cd776e4e7019492083dab2fe1bfc4e8fc6fa2bc32ed8b52b7003a673bc74dc3daa2f105dba0da7e6c1c0ed5cc9b578bdcac4494adcbb1c3fc4bb71a8f85af21f34c65881bd7ea3f4af33d7b4d8ed751d362d358dc6f01230bcb118039fcb35e99e2984de59c316cf3236946e4ce378ce719fc2ae786743bed61ada0d234eb786f626f22df11166f98e0e3deba2327649114651837367b4fecbff000b24f1a7c59d3f569c16d3fc376e85dfb3cf8e067eb9fcabf40231b4579e7c0ff8630fc30f02d969a46ebf9479f772f7795b93f974af451c0afb5c0e1feaf4527bbd59f9fe658b78cc4392d968bd05a28a2bd03ca0a28a2800a28a2800a28a2800a28a2800a28a2800a28a2800a28a2800a28a2800a42334b450037069318a7d34834ac02514515201451452b00fa28a2b400a28a2800a28a2800a28a2800a28a2800a28a2800a28a2800a28a2800a28a2800a28a2800a28a280108cd63789f438f5ed2e4b67003e43c6fdd5c7208adaa42a0f5151382a917096ccb849d3929c7747cfb79e07d2750d7ae352692eaceffca68a78d54611fbb64f6eb5d4f87f5a96df4cc1725c0da4fb8e2bd0352f0edade33b98412e72d81f7abcf352d2a7d2f539564b6686de7626119ebeb9af80c4e06a61dc95b4dee7d852c7471d154ea36ec95afe5d11ca7c47d5ae6e34e9c5ba969d948419ee6b03e1969d178542e9aa775ec999ee243c9790f53f4ed5dddfe9cb787e542ce9d47bd78df8fe2f18a788a26f0bbc304e636dcf74a4a06e8071dab8a9a5d4fa3a0e33a3ec628f75bd3a9dcc042aaac38273bb24fb578878cacf52bdbcb94b8880b7c103749c7d4d769f0675eb9fec37b5f8856d20d7a19183dc5b64dbca84fca540395382320fa5751e27d13c237f0b489632ddaeec3c26e02065ce09e4d7a0b0cdd353baf438a8578e0eaca8ce0daee96ff003b9f10ebbe17b393519044e247070cb6f196f6e0d79cf8c2f745d32e3fb16f6268eed9b31c0e083cf1cfe75f587c4cd42ef4ad32e21f0a695a4f86a3d9b45e5cb79d2e73d76800671ea4d7caefe146d4bc5379acea976daa6ab72f99aea501431c9e11070aa3b0fd4d528f2ae693d4ed9d3d5371b27d06fc2fd0e4d33c4fa74d10f2c22cbe601d0a10460f3eb83f85769af5e2497b282ccc431181c01daaf69c2cb44b1dc54099d36efc0c818ae42faf07da19b25f2dc95efef5cd67525cc60e497bab634f4bd2e7f14789345d12c9923bbbc9888d256c79a4293b47a935fa01f077f672d2be1adc47a84f2ff68ea6abf2b94da9112392a3b9f7af04fd8dfe15a7893c463c5b2dd88d346936240b1825ddd4f3b8f4c0f4eb9afb817802beb30184a7182a8d6a7c6e618ca8e72a317ee805c52d1457b47841451450014514500145145001451450014514500145145001451450014514500145145001451450014879a5a28018462971914a4668fba295806d14514ac03e8a28aa00a28a2800a28a2800a28a2800a28a2800a28a2800a28a2800a28a2800a28a2800a28a2800a28a2800a28a280108cd62f8ab483aa696eb18fdfc7f3c67dfd2b6e9ae3239acea41548b84b665c26e9c94e3ba3c5ec2ee5f3c82acd8ca9cf5cd074959352dee982df374e9527c51b593c2da81d4ade32f66e37cc89fc1ead8ee2b96f0bfc48d3b55d463b769f71eaa09c1c7b7b57c0d7c34a8ce518eb63efa94fda5355a93dd6dd4ef6eedecec23fb434684a8e4b2e41af0df899f10b43d2752399a2b6941cf97182326bd9af596f9644898bdb9ebed5e35f137e0a5beac25949f25a407e7c0624fe3d2a29d49a4e37d0eacbdfb39733779f44cf9d7c67f11dbc47a8344970f708c788e35f9466b262cbf9781b4f738c62baf3f0a63d027906f6755270edc9cfad70fe37f1158784ec6762eb23edc000e79cd55f9da8c753b2b4e5ccdd4651f18f899345b291ccaa1e21f2a86197f4fad715a578a878824f32dc3cad23f9483be7d2bcdbc51e2c7d7f598e242f26efba879c1ec7db8af56f859a2241279b20ded0e3181904f722bd19d28d0a5cd2dcf2154f6d36a3b1fa0ff00b0ddafd93c19ae444e5d6e62de7d4ec39afa6874af987f628bc074cf13db71b84d0498faab0fe95f4f57d1601f361a0cf8ec7ab626685a28a2bd038028a28a0028a28a0028a28a0028a28a0028a28a0028a28a0028a28a0028a28a0028a28a0028a28a0028a28a0029a69d487a500368a31452d407d14514c028a28a0028a28a0028a28a0028a28a0028a28a0028a28a0028a28a0028a28a0028a28a0028a28a0028a28a00291ba52d21e9401c7f8e6dc4c21040219594835f2cf8e3e145f689e207d7fc3971f3e72da7cb9d80f72a73c74e95f5778cb86b427a1623f9579cf89ed71b8719ebb715f138d9ba78b9a5d4fb1cadc674e3091e39e15f8f6ba02bdaeaea6c6ed9844f1cbc7278079edc1e95b5e2ff008dba42693e7dc5f44e81b6a8dc339ff0e6a6d73e1de91e25c35ed8c53b6729215c946f635e5de2afd96f4cbb691ede49c0972c63795b69c8c1ef5c925096ab43e8952709f3249befd4e0fc75f1d348ba8ae45a5caf9ac0ec1bbaf1d41af93bc77acea7e2ed70ac6308876a81d3eb5f47f8b7f67d83c3db418032c430983d7bff005af38b9f078b3bb2305429cfdde95d1869d2a5ac77397110ab55da6ce17c27e114b47f31879923001e565ce33e9fad7b6f856c52d614118084638038ae7a1d213746e00c9eac4e0b7d2babd202adb845dbc0e4e3ad6588acea2d48a34fd99f577ec537aabe20f115a838df6d1c9b7dd588ff00d9abebc1d057e7a7c0ff008e5e14f80ba9ea7aff008c2fa4b1d365b716c9245034a5a42c085daa09ec793c715f68fc1ff8d3e13f8e5e1087c47e12d496ff004e919919586c962607055d0f2a7b8cf5041afa7cae4bead157ee7c7e69071c4cb4ec777452039a5af5cf2428a28a0028a28a0028a28a0028a28a0028a28a0028a28a0028a28a0028a28a0028a28a0028a28a0028a28a0028a28a0028a4db45002d14514005145140051451400514514005145140051451400514514005145140051451400514514005145140051499c5324996352ccc1540c927b50049514d32c51b33b045032589c002bc4fe337ed65e11f84fa4ddccb21d76f6052c6dec9c6d5c7f79cf03e8326bc22fbf6a7f147c4ff000b79335ad9e8d61a8a02f1c1b9a4f2cff09727b83ce00ac255a3138eae2a9d3d9dd9f4ddff008ff44f18dfc96ba35f45a8258be279edd83461c8ced0c38271c9c7ad53d5228e6b760c39c706be7afd992f0693e24f15e832bed65962bd873fc51b26d38f5c151f9d7d05a83809c76ef5f098f9b9e21c99f69963e7c3d29addafd4c7b5b50b203b77a77357eface2b88360fbd8ea7f955382e21336189c679c568dec676ab80761e8d5c6a6cf76a737b44de8791f8ebc3a9791b86197404835f31f8cac62b1d52508c8589c1ce3048afaf7c673436fa5dd313b6508dd4fb57c75abda4934f3ccc0ee739cbf3cd28cbded19ecd56a74e32b6a65244a808272cdc16cf4ad1b28d5518a7e04d558ad599d06303ad6d2db6c8bb0c76ad24d3d8e3b1c8fc4df05278fbc1979a5193c99f2258241d16419c647a763f5af31fd96be35f8aff679f10cf3d8cec92595c982fb4d98feeae62ce76b0edce70c391f983ef9e49d9c8c0af99be29daa697f147cc87022d4622b20f5700907f4af5f2faf25fbbf99f3f9be1954a7ed7aa3f6c3e0d7c62d07e357832d3c41a1cf949005b8b473fbdb693ba38fe47a11c8aef6bf193e00fc7dd67e0878ae0d474997ccb520477b61237eeae50766f423a86ea3e848afd01f869fb7cfc39f1adcad8eb134be12d40e028d448682427fbb2af03fe0617db35f534b10a4ad2d19f1119a7a33e9aa2a8e95add86bb64977a75ec17d6ae32b35b482443f4238aba0e7a57527735168a28a60145145001451450014514500145145001451450014514500145145001451450014514500145145001451450014514500145145001451450014514500145145001451450014514500145145001451450014537763e958be27f1a68be0ed3daf75ad4edb4eb61901ee240bb8f5c01d49c7614ae909b495d9b7902a0babe82cade49ee2548614059a49182aa8f524f4af947e2afedd5a76876df67f0b69c6ea7941d97ba802b10c77541cb7e247e35f27f897e3c78bbe366a7736979accb3c31608b76245bee272088d70383dce4d7354c4421a2d4f3e78d8257a6b98fbe7c61fb557843449a4b3d2257f115fa8391664790847f7e43c0fc01af907e36fed63e2af1cdc5969b6930b4b09ee0472595ac8c81c1e30ddd87d78e3a5798f86a4bbb4b9d62e3536263b156503803840c7ebc9af3ef84b7dff0009278b05d4ec1f6dc304cb738c9c71f4af3e75aa545ae88f3dd7a95e329c9d92e9e6cf41f8be82e3e1c6b72c89fbc8e0380bc05391c81ebef5defc3d4b7bdf08e8f2c64102de10403eaa2b95f88760d3f80bc471329c792c5467af5e6b91fd97fc67f68f0843a7dcc8dbad58c7827aae78a84b439a3194e836ba3fccf78bed56fbc03ace99e31b0432b5ae21bbb70799add89dc3ea3191ef5f50685e2cd3fc5fa05bea7a6dc2dd5accb90ca7a7a83e847a57ce36006a7a49824cba2a1073dd770ff135c0e95e35d5be0a78bbec56b72c74bbd90b0825198f24ff00f5fb1ff0af271986757de8ee7d164d9bac14bd8d7f83bf63ebeb8b9fb3bb0e95d269b766eb4cfbff0077a0af09b5f8c1677b124b7d6b3d96fc7cc7e78ffefa1fd715d8f87fe21584b1b470dd23f7e1857cfce3283b491fadaf638ea319d09a97ccb3e3cb617703c648e4639af9d3c65a4c7632b92141e7f035ec1e3ff1fda69f6e640c5e43f90f7af9d3c51e325d5f52d9e61624f3ce7358c5fbeda3d1a914a9469f523b650e4c854707bf1c56ec56a2ead8155e31e9dab9ed6ee8e976b0c52fc8ee01da7a9cf4aec440749f0d79ef9e53774f6adaedea79ed1c96b7a8c7a5c4ed230538c0c9af9c7c6531d73c5d0dd95f92004f1ea460575fe2bf105d78a75892dacb79dadcb67803915c89b576d44c3206dc09ddbbd857b984a2d4b9cf97cdf1f4e8527874ef37d3c8a40b09724631d493dea86a3adadaea3671c8402772f07b71eb5b1769b092412738181f85721aec46e275c0cb2723eb5edc6cd9f114df3fbc7a67847e2978b7e1edd2ddf867c45a8694f90c4d9dc322bffbcb9c30f6208afa3fe1f7fc14a3c7fa07970f88ecf4ff0011dbae374853ecf311fef27cb9ff0080d7c8a2c644b28a7425094ce0fddfc692c2e12ec6e743fbb6c36703247bff00f5a88cdc57bacd13dddcfd61f00ffc1407e1978b44316a53def86ef1c7ccb7d16e894fb48b9e3dc815f42786fc59a3f8bf4e4bfd1753b4d56cdf859ed265917e9907afb57e1a8b988dac1330314520c839e327b66ba4f05fc44f11780efc5f78635abcd2ee33876b494a6ef665e8c3d8e4574c31325a35712a965767ede0208c8e452d7e76fc28ff0082896bfa1cf15af8e2c135cb0c01f6cb35115ca7b91f75fe9853efdabedaf85ff193c29f183463a8f863558af953026b7ced9a027a0743c8faf43d8d76d3ad1a9b1b29296c77145203914b5b1414514500145145001451450014514500145145001451450014514500145145001451450014514500145145001451450014514500145145001451450014514500145148c7028016b9ff001878e344f0169526a5ae6a10d85a271ba439673e8aa3963ec05733f167e3269bf0d34c6e3edfabc8bfb8b08cfccc7fbcc7f857dcd7c29e35f899ab78dfc5b3eadafdcb4fb50ac56d8c456fcf2107d0753fe35cd56baa7a75383118a8d2568eacf60f8a9fb696a7a84d269de10817468198aff695e26f9980c7dd8fa277e5b27dabe6ad43c51aaf8d2f1ef754bcbad42ee32de63ddcdbf3f4cf03e83d2b5bc61e1e8f54b37b8b7caacb1f99149191f29eff00d6b8ef03dd18af2e747be52977f791f1952473fa8fe75e6ce72a8fde67cfd6954ad794a5f220b999fc5b0df685228fb588ccd652f521867e4fc79fcabc97e1e6b33e8de23ba8df293c2e56407b8c8e3f4aed3c17ad791f11ef6c6e24d93c2fe64441e8437f866b91f8cda60f087c5cbc9a352b1dde27e380370c9fd6a546e9c59e8e1172a7465b35747b4fc41be337c3bd53504c2b4918690f42d95c7f415e5bfb3b28fb5c321457df3b6727dbaf5aee75ab8fb77c18d5011f31b55284f3d0ff008572dfb3c476f7ba0a6cc0b9b7ba60c31d41208a5a389cca096167dee8f71f12470cd02e9d2a67edea53af51b58ff4af98fe180b8f0af8eb57d255cc725b4f9456e38dc41fcebe8df17cc2dfc47e0e041fde3ca4f51d14f1fad78c78f3417f0cfc77794fcb06a5189e3c743eb9fc41a5ad9a2a8b52a73a6b792fc8fa2fc1daedb4f6bbd246f30a14915b9da6a6f89be1787c63a04b85064888923907de0715e6f6723e95317590aac80302a78fa7ea2bbdd2bc56b6f2fd9ae7fd5c91ab452724373d3eb53a35a9c0a56b27a1cf7c2cf16cb06a9ff08eeab20328731a331ce78eff00957a7eafa447359c863885bce083be2e180e87f223f5af26f1ce84925d4da9581115fc4e1f72f049e7fa9af44d13c5f16a5e15b9ba9cf95345b91d3bf20107f3ac6505f0b2a35a7095e2ecfc8c5f087c28f187c6196f974e8a36b5d26e5edee6f67bbdb1cac572aa99e770ca93e9915e45af787b5ff0378c2f6df50b7fb3dce9f3185e299811bc0073ee39078eb915eadf03bf6945f84da16afa3eafa145ade9575a89ba45326c686660a093c1ca90abf91af3df8e3f11aebc71e319b5aba312de6a1b64f261e5638f685007d318cf7c66b8e34a2e4ee9247d12cceb51a31787ad2727bea793eb1f12fc45aceb06e351b98a578db8db02ae00e9c0e2b57c4ff1a3c5a74bfb2497d14b6ee9821a050471db1d2b9dd4ad667b879e22bb59b1ca8e2b375edd75a7286fbe18e76f02babd852766a3a1d94f33c549c5ba8fef3a6f86dac2dee9f7cad12070db99ce4306ec7de9dacdbca35192e71f3063c923e600d63f84633a24cfc078278bf783d08e87f4adcbed445cda93020b82b8c3eec283d304d6b34e2ee8f0f14e53c4b77dfa9cfeb0f1a461f236b719ce3b573b0da1b99598b64316e4f6ad8d62d05bcdb257f3652412c38551d703f3a8e1454b70c8338ce01c1c74c56ab63ba8fb91b5cdcb4845d7851a508432a9c1cfbe2b8bd1ae1d9f548b1bbcb8a573ed853e95eb3e10d1927f075dee51e6b407033d0eeaf34f0c5b469e2dd6ad6419f32c67033d376c3fe1447666146bb929a7b2359703c19a2bb05c496c1c83ee2b4bc376ac74f5964c3045dc77a93d7a006b2618587c31f0fbb0e648c206f51cf1d6bafd2acc08b4bb0dc54cd8966ce4610741fce94b433ab5f92937e6cce8ddae2e66802aa88c73bf8193e9dff335a7e1af1c6bbf0e35c8b55d03549f4cbc84e44f03ed38cf423a30f63915a3a6ac565e24b766881499989423391b7ffad5c25dc8ba6f88ae2290111bbbb9cf3b00f4f6a98c9a91a50abed5e8f4b7fc39fa45fb367ede361e3cbbb2f0e78de38b49d666c450ea48716f72fd830ff966c7f227d3a57d88adb866bf08f2d13a3a82148cf4e735fa49fb0a7ed18fe3fd064f056bd78f378834b8f7dacd39cbdcdb0c0e4f764c81ee307b1af4e857bbe491eac1e87d754520e94b5de6814514500145145001451450014514500145145001451450014514500145145001451450014514500145145001451450014514500145145001451450015cb7c47f19dbf817c297daace57744bb6146fe390fdd5ff3d81aea1b806be47fdb2fc70ee975a6c2f98b4ab5333a03c79cebc13ee108ff00beab2a93e48dce6c454f6506d6e791c5e3497c79aa5e6ad7737da752677247f79431040ed824607d0565f8bbc27178974a9e4b1db16a16c449b071e629effe35cad85b3e8bf0db4cd734fdd2dfd8dbc572e1793344e4ef18ee79c8f702ba33e256b9b0b5d774c2b2b202fb179f3108f9d0fe1c8f7cd788ef6b9f33257dd9c2f833c50d65aa3f86f5606324830efed9c7af6a9753f0bcc35cbcb32caba940fe7d8cbdd8000153eb918aabf1aa1b3d7f48d2fc61a3af977164eb1de22f50a4828d8fc6afe9daca78c8691791b30bb8c052d9e320639fa8351d3414adcbce9f91f3bf8db56b8d23e2447a82fee9e4c6e0383f43f8f15d97c6883fe132f01e9de258c0f3ad552295bb9ed9cff9eb589fb4ae9a2cfc5d0dfa45e547770acf81d9f90e3fefa15d07c35ba4f17fc25d6f492a5a7fb34ad182739741b863f2ad9f4923d88c2d4a9554fe1b225d2af4ea1f03aee4043308f6364f200c7f89ac0fd9ab50f2353bf809006f49319ed9c7f5abfe04994fc1ed72dc8fde40f8fa03c7f5ae5fe016e5f18c91a8cf98aeac3f3239fc2925eeb1ff00cbaad147d05f18ee1b49bdf0aea3fc16f7ceac73fc2db7fc0d667ed01a23b786fc3fe26b6c35d698e5240067e4c8ea7bff00f5e9df1f37cde0bb1b9da5bcb74724751fc27fa576d610c5e3af8612c322871344ac148c632bfe346cd9e42972a525d1983e1a8a1f17787a29ad9b2cd0ef52c00f98751fa0aab61a825bea6fa6dea88a568f744d9c8254ff0082d727f09f53b8f0c6b536917036a41394da0ff09eb5e81f137c3a2eec61d52cd556ee06f94aaf5aceda58c6ac173f32764897530b74aeb8c89e052181e7231dab9ad0ee5e3d4ef34e9d59269d46dc311bc15c60e0fae2b374af158d45218a63e5ddc7ba3287b1c1047eb57bc4041b6d375db05dd3da2869631c86543939fc8566d5cc26b964d98d0436525d5dc5711f9ca24d856424f391823ff1dc7d2b9bd66dc43ae5c88940259509c0f90280a00f4e95b5acc062d666b9b50ce3e5071c0239008c7e15897a45e6a970ca4967948ce3af5e3f4a86b52d5d4534c8356d3629039890e14e43212391c678fc6b9a934267196665f9ca2ae73e9ea2bd0a7b416da64eab1aaab2e7246df5ff001ae3726e67b848ca854323291f5aa4dad8da8559c536d9990e8a5831cb49b464876381ef4cb2b896d42c08c5c3364a76e0d6e5da3c7686de0728aa8048e5bbf3902b36d1238a29e7c721b62e7b03e954a4dad4ea736f56f4333588f6cea0f249cb16ef4d6b766b750a02851d4d5bb88fcc9b7e73d38614f7804b18f9b2141c81dc55a76474fb4b595cf4cf02dbb4fe19b9455dbb6ddb0d9ef9c8af388f4b36de3eb80472f6921c76395391f966bd77e1dcdb7479a200ee8e13f2fad70de24b64b7f1035e6369588ee2c3b1e3fad1cfa9e7e1e5c9292bddcaff0099cf58dbc773f05bc3b20c868659d70a3d2523afe15d77c337fed6d62f2e19bcd48e2f2d778cf04572de0999752f81f247b72f67a8dc2924e300b161fceb73e095e62e6ec020ee0aa533c9391c01553f2e87656b461514fa336f50b7307c42b4b7751bbcb246380095f4fc6bcbfc4522c9e3ed4a2c6e58936b60f425bffad5e99e219843f1a34e8946e2f19caaf1cf4af2a85c6a5e34f115ca7dcfb46dc0eb8f4a22b95b161a93bf327f67f53a2d2ada42aaac1559d642acc376307a7ebd6b4fc39e2dd67e18f882cb5fd0ef5b4ed52c1c48b3290381d430e854f707a8a64103e9b736a4806448c22a91f7ddb9007bf4ae73e22431695a65cc4926f99812c31c2b77ff003fe35106dc8efc3546e7c88fdaff00825f1222f8b3f0b7c39e2b4548db53b449a48a3ced8e4e8ea33e8c08aee6be56ff00826bea8da9fecb1a106e05adddc5b807d3706ffd9abea9afa18ec7aaf70a28a2a8028a28a0028a28a0028a28a0028a28a0028a28a0028a2901cd002d1451400514514005145140051451400514514005145140051451400514514015b50bb8ec6ce6b89582c71233b13d801935f9f3f15e697c4de1df146a32b93717e279739c9f9b2401f41803e82bec5fda07c4bff08dfc34d40abedb8be64b18bdcc870d8fa26f3f857c89e29b27b8f086a8b10df2476cceabdce0703f4ae0c54ad647898fa9efc62717f089e2d7fe1cf8752e32f1bda359cdef8e0579b78435893c21e34d5fc157edb15a42d6d33745e4903f3fe75b5fb3f6ae8de15d5ac03b32d9dc930024e42b36efeb4bfb4a78026ba88789f4a262bc011d654ce58ae320ff002fc6b81ea727228d674e7b333a1985aeab75a15da8fb06b314b047181c23f242fe0dfa1ae73e1a5fb68f75f659830f2e4c72303e5c835831f8bc78a34bb1d5837937f6d2acad183cacb19f9d7fe04a335d5ea568b6fabdebc64ac78f3e3e3a8233fc8135cd26d2b32654d526d7523fda7fc3b1dee87a66a30a120492264752ae032e7f1cfe75e4bf04fc48fe1df129d3a505a39867696e06386fcc135ef3e34dbe2ff85b6adb5e59218d49e79054104d7cbf187d13e255917eea3239ee0d74a6a5171b9df866ab61e545f99ebda9597fc22369e30d2c00a928f3630dd0a9208c1fc2b8cf8268abaf35c10774538e9ef9af51f8b3025f783349d5e2c0325a35bc8d807254f1fcebcebe09a98a4bff009727cc5279e9fe73529fbad98d27fecf51cb43e82f8a7a6adffc3692338053777e72304547fb396bdfda1e154b291be78e2653ee54e71fcab63c650b4de06bb39f97292104f50473fcebc8be0b7883fe112d62e32c56086e7e7dc463630c1fe54a52499c509a54a69fa9b9f1074a5f0efc42fb5461a186e446e4e382ddc8fcabd534b9cdf68997f9fe5128279e31d3f9d66fc72d186a3e1db1d4edd52430b18c903b6783ff008f547f0c6ed755d0901219da3642173c609ffeb509da4cc2dccb53cafc7fa2369bad5c5fd90f2c1225e381827ffaf4ef04789a26c5a4c6455793a123856001e31cfb8aed3c5ba535f653e57023619e4f033fe15e29adda5c6897497968e4c916180079207d3fa564e377664c3967a4b47d0f4ed46ccc571687036ed1139ce47cae08c7e03f5ac6d0b4af36695e552dceee7f97eb56fc33e26b7d7cda4c8803c8b21688b64ee0189fe63f2ab5a8df5be8f7d05bc722ac9260320e7b0249a97b9972ca3eebdc87585510a467011e650013ce3fc9ae1f4bb75874d7ba653fbe0483820e0d4de29f154523bc31b9cc7962ca7b81542092e6fadede0b68ca44abf33383d873fd69ec8dd519c2377b10ea377e5c6e8859bcd6c851cfe3fad1676ef0dbf972a7ef1db20376c0cd69dae886368a49cf9921cb050a480067fc2a48ec5fe5915c339048c8fad1cd75643e78adba198b6cd246ecc42e588c31ff003e94181543aa8c92a7ee9ebd78ad096ddc85564eec791f5151a6630bcf1e593b71da9ea442bdf73b4f87176ead75015721a239e2b9df8840db5c4b1ee0aef08c123dbffad5a5e0bba0b77229609ba3fba32392475acff89814ea4540385800271cfdda23abd498d9cd289c6fc10992e7c09e36d35c17785cddc63391e84fea2baffd9ead8dc5d6a394276c88a063af24d79afc13ba116bbaee9cee516f2ca618279240cff4af5dfd9aad035dea4dd035d81807d01ed5d553767bd888a6ea26b7b153c5c1adfe3cc0e0009158cf29c1fbb80704fe24579b7c36b07d465bfb83190b3ddbbeec7519ff003fad7a0f8b65783c6df1075823f77a76971db2139e1e4dcc47e4a3fefaaa3f0e74592cfc056cdb775d5dafc8718da09e5bf5a99bb44e46dc295f67a2fd49eedd04d35fb0db1c0fb2253d1e4eed9f61815e59e34d424bab4bb724b4933ed5ce723e6c57a278cee45be9c208404b6897cb8b6ff1367e66fa939af3ab0806b9e22b2b6c030c6df6871ecb8e0fe38a29ae5d7a1ea60a0bf887e9a7fc1307c4890fc39d6bc22c36c9a7cd15ea67a959576b7e4d1ffe3d5f6dd7e66ffc13c7c4634cf8d72d86fda9a869d345b01e0956571fc8d7e98af4af530f3e785d9db17ccae2d14515d45851451400514514005145140051451400514514008d40e94b450014514500145145001451450014514500145145001451450014514500148738e2968a00f983f6baf1232f88fc0fa0a9c899ee2f644f64508a7f3735e5f246f3453db1e1a58cc7b4f5e47ff5eaff00ed45afa5c7ed45a369c589369a027ca7a06927727f455aa2ba9c70f8c6d2c5b19955a4c77c05c0c57958897becf9ac745caadd33e59f84579ff08a7c50f1368126e2827793e61c1507ff00affa57d17770c5e22f00ac4532ebb98679e39007e62be79f8d76a7e1cfc794d5c8f2ec75067b7909e83777fc335eeff0d6f008ee2c2660c0460020e4618641fd6b9e4efa8f10db8c6aaea7c4be32b49fe1d78d668d4b2daddfef70470afd08ebe95eceba845ae786344d410a84b9b410bb719de9f263f206a2fda87c0e2eadbcf550a5143893b03eff00cabc9bc1fe2a907c34fb231ccba66a078273b55b9fe79acea6b1badce9e478cc3a97da4edea7b67c31bc4bc867d02e38c96c6460608eff0099af00f8b164da2f8cb4db9f2c81b8c7bb18e87ffaf5eb7a06b034df1359ea824431cac8d951c1ce6b9dfda9b4b58e28efa34036ddf99b81e3e6f41514f4924638497262236eb75f81d81906bbf03242ff007ad5bbf18e31fe15c1fc1381546ace700ac7900fd057a17c2e43ab7c22d42207709ed9dd5475c85cff004ae2be08a30d4afa1dc413b970475c7ad6917a342bda9d581ef936751f04dd5b36df33ec60e0f07e5e78fc8d787e876c2d2fb568483968c10307a8e47f235ed16d741218a376dcb2c2cb91e9fe5abce61d3b6788d3080a4f10183d49c919ac9cae798fe2d3aab1eb3e17bc5f1b78024d3e56fdf88c03ea4af19fc715e57f0a7c5cfe1fd6e4b1972a52764008c9e78fe62baaf839aa8b0f171b0932c9700801b38dc3040fc791f8d799f8e2393c2ff122f1a35f29a3ba6ff77ef1a5babf534a4b57147afdfddf9d7762d85512974dbd339c77f6cd79deb96b1c46d84e836bbb46485edc75fcebaaf0e6a91ea51698b295dc9232fd01db9e6b1fc5760f6da55984c49bee0b112704e76e40fcaa1b72396a45b95ffad918df0ef42b78bc5b6d730f0862925318ecc015e9f47fc857b7783ff64c97e2ef85aebc503c4674ebdb8fb426936820de2630712191b3f28dd951f9d784f843537d1f5b32483e75b691a223d37a82bfafeb5d4781be3ef8f3c2da1ea9e1ad1f554b7b19fcd922fdc2bc96e643fbcf2dc8ca06c64e3be4f06ba684e3195ea2ba3d2a1285f9ea6ba1e5577e19b7b28879c77cf2ed62d9eb96c576763a5456b68ac0ec3e4b10806739f5fceb127827b25b78e41be5908cb123006ece3ffd5e95d43658c6ac438102e493dbe5ac26db39e5564b43259e29668c92c4ac0c338c6786e3f5a88c20946214fee8e47e24d694fe4c7182c3910f20803b0e054105c82300e545be3d474a95a6c703d5b8904eaa24836e3883254f039e6b33c852a4e371f24720f43c56b5d80ccb8600adb646d1c7638acab89596176df93e52920e413427d8da167b8fd165f22fb7367014773eab563e27306bedea0ed30af0c39fb8a6b15ae905d090310d8191f80ef5abe3297edba6cf721b704555c9edc63fa1aabea6d082854524b73c8fe19e61f89da743800dc2cf11c0f546c57d13fb3ae9a96b77a8ced91e5de3000f00903ffd55f35f816f3ecbf177c37239076de0041e9dc57d3bf08ee0d80d4eda4c6e37524ecc7b0c0ae8aba491ef636118cb5ea97e0ce3be2446dff080f8dae14933ea5aca5a8dbdc0d8a07e87f3ae8f43b36d17c3d6516cfdfca3c88548c80b8c67f99fcbd2b94f165da6a3e0ef0eda02036a5e27b89b39ebb5f0bdba0da2bd435e11e89a75abcdf2fd95d9003ebb403fd7f2ac67b58f2f117f649477b9e09e3eba0d790d8c44036ff2b01ee493fd6a7d03464d07429afa54c5cddcabb091cac4338fcf93f9555d074f6f14f8c0c31a168b264b973d123073fa9c0fc6b6bc6fac4775a8ca96e544084a46abf740e9d3b7ff005ab5bb4944f5a937050a3f36751f033e20bfc37f89fe1cf11a676595da3cca0fde888c4a00f5da5bf4afd9db5b98eee08a689c49148a1d5d7a10464115f84f66e23539621f19cfe06bf60ff64ef181f1d7ecefe03d5ddcc92be9a9048c4e49788989bf5435df847bc4f4e2b4e647ae514515e88c28a28a0028a28a0028a28a0028a28a0028a28a0028a28a0028a28a0028a28a0028a28a0028a28a0028a28a0028a28a0028a28a00291ba52d2119a00fccefda735d36bfb6c5e2bb900c16902e4f00792ad8fcc9fceae7c45d5cf847c73e0dd6266f2ec25125b3bf604fddfc3a5725fb7cac9e1efda5a6d746e54492c9891e9e4a2e7f435d27c43d2dfe23fc1791ed919eeede11711329f9b720e31f500578f88bfb467878c8c79a12e9b339cfdb0fc3b0ebdf0e63d660c33c4de66e5f4da391f95627c04f1d49ace8d6570f26e91b6404e392ca3ffd55d57823c430fc59f822f613aabdec516d78db93b80dac31fe7ad7cebf03b5e7f0bf8d26d0ee1b6c3f6a2c85b9c1e9ebe95cebe1f41429b9d19d17f145fe07d3bf1f7451abf80f51922197102329039fbd5f0e786ee7c9b9d5ad49c7db61dcca3b3a1c7f220d7e846a68355f074d028dc5e151edf789afcf3f18da49e0df1ddd59b0c05ba60093d981fe75a4355636cb5bbce93f26745a07890cda4982527ceb460719e76ff9cd7a27c6b93fe124f8389a893b9e3488b38efc75af01bebd3a76ade6a96114c0ab0f506bdad2f9358f81dabdbfdf31c08c07be4e3fad4ca1cb35235ad47d9b8548ff0031ddfecd9770ea9f0eec212bb895684e73819523f9d723e01897c3fe3abb85c30db7454f1d06ee69dfb266ac4e9573645f698275902fb12bfe35b9e30d31f47f1eea3246386b966c81d416cd653baba479d896a954a916b7ff00873d26e2116c802ae3cb94a6e233c1edff008ed725aa40d61a8584c506e579413eb86ce0575ba95ff996522c7b9d83a4a463b11ffd9573be2b4314b6c14161e6b1c9eb8207f8d62f43cbd17bc62fda9f46f12595da81ba1bb42c4fa6e39fe547ed1fa5083c526ee31b52e02cb927bf24d278ca2fdddd4e8c498d925ebeb83dfeb5aff1ef1a9785f46bf00e64862c305e0654f3cd690dec6d45493527bdce17c09ae6d9ecbcc6c2c72827273dd6bb9f195eabe81a748594c8d70ca4e7391c7f4af16f0bea2f6b7a987031260e3bd77fe27d59cf8674dcfcca2476e78e70bc5292b3b0578b552c96ff00f00e3acaf27bdd67c8504b2c122a05e7aba64fe15db78634a8b4b5477dd24f296de5bf8793c5717f0def16ff00c6f7880aac71d84cc58738395e7f4ae96c2f5eee51f3651588dc3031c9ff00f5d124d683af4e74a4acba213c5d2aed531af53d7b8c31fe99ade9d12348411f28b75638048030bdeb98d60648e8430dd96e38e6bbd6816645560768b74cf191fc39e7a543bab1cb513704721a946b6488363132c641dc73c601ff001aa51931ca36804794a4639382339a9bc41319efd577ee411800e303a01c5575dc8c0b103f743683c607181f9517b99c29a4ad62d6a372219488d7e636ca7207a8535837772ad1ed5600f96a0e38c702b5f569328f95395817963ea0735cecf2abc6ca30321705fe9d691d34e9b94b42b5e4d832337ccc715bba8dcf9fe07bf66c8e472392700ff8d71fa9dd7ef59988186c706b52eaf193e1f5f64e0bee3d7e82ad2d5367af2a4a2a2977478de8179e5fc40d224ce7cbba4c027fda02beafb4b86d06f7529411b7ecd23e4038c1cfff005abe3dd2a629e24b273c15b8439c7fb42beb4f89579fd91a6df4a76e0e9edc8cf535d588d2513a731a4dd4a6effd5cd0f86be0c3e205f065f5ce7c8d26d5eff6b0e1a69dcecfc864fe03d6aafc74f14f9265d2e220a4770599fd4e48c62bd57c2253c3ff000fad5e5c46d6fa6dbb10c7a10a303f4fd6bc01ee23f1a7c43b9b8bc6dda458c86fefa41d362f217db24e3f3ac9ee70c1394f9e5aa8ea46268fe1e78421b207fe27fad4826957bc5101f283dfbe7d335c6a2bdfde8588b3b3ca157dc67ffaf447a9dc78ff00c53a86b25195afe764b756e90c00f51e99e9f4aec340d2a2d2217d4245c416fbb696cfccc067f9d537cbea7a0bf769ce5f1181a92be9c9783284ac64707b807a7e75fa5bff0004bed724d5bf6674b691b3f60d5ae6041e8a56393ff4291abf2fbc45a993a75e5c6d23cde060fa9cd7e93ffc12a0f95f02f5bb76e1d3583215ee374111fe95db85ba93b9ebc53f65767dad451457a66614514500145145001451450014514500145145001451450014514500145145001451450014514500145145001451450014514500145148dd2803f3ebfe0a01e0a3aff8bb53f2622f33e9515c8c019ca17fe898af3ffd947c7d1f887c2ffd9f7a774906609233c92071fa8af7cfdaef558349f8cde1786ed736ba9e966d589e84895b8ffc7abe2ef0934ff083e3adde8f291158dfcde6c057804163803f0af26ba529491e4ce1ed154a7d775fa9bbe16b897e07fed193e8172c4e81ae499859bee86638047f9ed5e4df1974793e1d7c6159f062b76943ee51c75e7f90af78fdab7c0f2f8a7c0f65e27d3c32ea5a3b6fdf17de65e48e9d391d6bcdbe3bdd27c4af847e16f1ac3892792230de15fe1993e5707f104fe35cf17ccd3efb861a4972cdbdfdd7fa1ef5f0fbc430ea3e15b5677625edd5b713c6326be4bfdaaf413a7f8a9f5089311bc8a770efc022bd4ff669f1836b1e18fb148dfbdb4410b67a9e720e3e84553fda634c4d5749bd5080ba15d981d30b81fd2a632719ea634dbc2e2527b5ec7cbbadcc65d3164c0dc8460d7a3fc23d57fb43c3fad698cc58bdb3000738c74fe75e57e73cbe1e0cdc6e519e30722babf811a97d9fc57344dc092ddbbfa62baaaaf73d0f73114dcb0d349ec77dfb365eff0065f8aefaca56c19559471dd79fe95f407c41d252ef52b9950ed668925dddff0087fa9af9d3e14a19fe2ab4909d9144247663dcf4e6be9af10ce6eae762fcde65bec218e40c67fc2b8aa6b2dcf9ecc22bda5fad9196d78058ed19128b78db39e580c035575f903ff64b302cb20663f805ff00034c86212ac2b8c8f2d90fa7f167f90a7ea8f108f448b66730dc28c7f7b902b16f73cab5b446178a8992c26d995f36db70e3390075ff00c76b6bc56afac7c25d1839c916a9f39e47071f9d60ebf3f99a7da156db98248c85c8c60b76fc456feaac47c28d1222a706052d9ff7cd541b45bbc7deb9e0024fb3dda670b893071d7fcf15d0788752597c3564c093b2463ce31dab03c5117d8754621b2923065c1e7dc541fbdd634610a48c42b8c11c81d2b66af691ed38c6af2cd963e12acafadeab365b6980a67d72eb9fd2bb7d3ae21b62e8cf80ac4723be4f1591e04d320d37c357b7003171fbb71b7f8b7ae0ff002aed7c1bf09bc61e37d2b52d4741f0f5e6a9636526279e18f2b9c64807bb01d40c9e47ad44bdf7a1cb8894abce518ad8c2ba985ddc094125554821b0077e4577773a81786e4c4a367d9d046d8fbdf7738e3ad79e6a6ed6103c6c7076310bf835765797863f3a1119644806d27bfddcf1f8d632d11e53565156b6e737768eb2b991b042af7cf503fc6aa4b74b721cefcaac4abfa0145e48679a639fe00700e7d2a9cceabbc36dfb8a07cbd381c516d069e84faccab0a38691dff72993cfa038ae66f6f387c600380303d2b5f5fbc0d3484f21a28c018e985519ae5b559f0cc400172303b56b4d5cf530f07a3452bf9f3374c82ddf1d2af789af0db7c3e1838690918edc9ae71e7df71f3609018e0fd2aefc41b930785ac6056fbeaa4f1d49cff8d745b58a3d7e4bb8af33cdf4f7c6b109ee245391f515f60ebba50f14ebda4593ae6d6481649c11c796a03303f5c63f1af8e34d3bb508f1c00c327af7afb574cbcfb2d847a8920a3d9c56808e84b2e5bf1fbbf9d2c4eeac4e672f819d3fc4df12a68ff0cb55bb902c7e6d9a144ec70dc0fd2bc0afadae7c2bf09ed74b5561e20f194c9330dbf3456c3900f7c6d04fe35ea3f1374797c6179e06f0960882f1f7dded3cf9311cb0fe9f535c8eb970de2af1d6a7a9c71318ad54693a6a22f031c48cbf41c71ef59c745a9e753a8a9c357e7fe456f04f87965730594436c31155931d71c1fe9557c73a99bcba8f42d2416b6b53b25917a348464f3edcfe55df6b287c2fa2dae8ba52b0d56ed446d21e3ca4c7ceedf89e2b83d56ca3f0df85ac3ca1baeaf65966f39fef30c0504fe6d4968eef72f0d273929cdeaffab9c0eb56c65fb069706e679182b1f6eac6bf4bff00e097d7092f81fc6d1c431145a9c283d3222c7f415f9c2b0bdb1bcd6a724456e86de027f8a423e623e80feb5ef5fb1bfed437bfb3bf88f4ed3354b7375e15f10cbbaf822fef6094e02cca7be01195ee3a1c8aeea134a499efad63647ebf515534ad52db59d3adaface64b8b5b989668a58ce55d186411ec4106add7aa405145140051451400514514005145140051451400514514005145140051451400514514005145140051451400514514005145140051451401f0e7fc1467489e68b47d72c46ebdd0d23bc283a98bcc60ff009707f035f26fc6731fc41f0168be36d25f75f690d997cb1c95c827df8e95fa0bfb4758daea3e2eb2b3bd8d64b7bbd38c4c1bbaef6047e4d5f9dde0b8dbe1efc48f107c38d64afd82e26922899f90c8e0ec3e9c820fd735e5557efb6ba1e5ddcaa4adbc5dfd5753dcbe1678cecfc79e078239c87b7bb5f26453c80597383f4c7f3af22d1bc2ff00f08f6a9e3cf85ba97fc79ccafac692ce0e0b6dc4aaa3e810f1ef585f09f5ab8f875e37baf095f02b14177f68819f805704003ebb857aff00c70d2e478744f1ce97089753d1270268c0c99a0fe25ff812330fc2b957badc51cf34a9546a3f0cb6fd0f95be117895bc0de3a9ac2695a28676d8c7a6d23a57b8fc5d31ea3a34f728c195dc10c3b8c135e21f1c74183c37e29b3d6b4d3bacb5245bdb72bd813d2bd4e7d621f117c2b8af8b012646e6539cf047f852a8af69aea74e2a0ea3a7884bb5fd51f2c5f43f658afadc6309312173d9b91563e11dcf93e2cf9893ba091460e39c7152f8c6036d7d738391228f9877209ac1f07df3e99afaccbc1556f7ed5dfab8348f7d7bf45dcf78f8176e5bc49a8dc3704b15073d8b0afa0259a39b568e12df71d93ae7d3fc6bc1fe0b47f678c4c793249b8f6e8d5ea49ab08fc4176ebb9bcbb8ce38ef9ffeb5797575933e4b1bfc677372292dec6e2cbcd2aa3cd61cfbe3fc6b3b5b716f1787b7601134f83ed85feb9ae53c49adbc1ae98d9ce62b80c133ce327ffad5d67c4589ecb4ef0f962037da09f94720122b35adce3f67aabad0e2f55d4375ac6aa42947651d7be3b7e75dbf88eed2cbe1f685048154b59c64bfd4e6bcc2446975b86d826df36ec28cf19ef5e85f1a1ffb33c3da7db7dcf2ade118cffb2285f99a3837ca91e4de33816ff484bcb7505229046ce3818238efed517804c2da44fe736026e3927e9d6bb2bdd30ea3f0d350644f92258a4e3a023fc79af23b0be7fb05cdb231f9d09f97bfad6b14dc395743b70ffbea2e1b599de69f7f0b685fe8f958a6de6423819574208fae7f4afaa3f67cfdadfc39e04f869068bace9b7ab7da3dfcf7960fa7eddb7c64120f2e4cf4c191b9f40be95f27da3bc9e15b68634550d16dc63b99013fcaaf69f10b2b6425373163b40fc47f8d4a934f433a55961b9a496bf79a5e3bd6ae3c47ab6a3ab35ac7682712bf971f405b71381d8649ae8759b88e21a8140ccfb046188c67d7f91ae66ea332db6d3945954aab13c9cee18ab9ae6a62e3ed65518a36d20719c7359c8e09394d732eaccdbb9d2212c78258a2e18fe1e951496dd5e5070e836a91ecbffd63f8d4c2d240f83809b559cb1e9cf4155afe592faea59890a7737008caa838c7e8a29a29412e9b1ce6aba808849b964539032e08e7b75fa1ae5f55d64396556507712455fd72e25495c8936f984f4273fe79a5d2ecac3c4076dcc41f77cbbd4ec90671c823af7ea0d74c6d05aa3dba1174e1cd638f17c1e6001c9c7201f7ab1e3abf66b0b480e170060673c607f856b6b3f0cae6c1849a7dec7723a08256db27d33d0fe95c7789a1d41a58e09eda585a152cc6418000f7ae98b84e4b94f428b8559292664e9520fb742a06416faf7afae2df5b47f0369d691b7fa42b5bc8075246de7ff4115f29e85a4acb76921bb442b8623693debe8df09cb1b6b9a65aef322258c529cf7dafe9f4fe758e256a8e6cc94a56b743d0ae756934fd6bc4fe2309b8e9967169760879266727711ee59e35ff0080d58f03e836da0c46eaec1962b1ca20c72ee06e91c7ae5da9aeab2eb9e1db7f99ada79ee35bb85c7056124c59ff00b6854fe15a9e08b59353d3229ae3711349249863c2a0ce3f322b9f748f9e9c64ec656ad633436514b2f3ab6aa5a491fba443185f6c62b8bf889a68d4bc5569a5da958adb4cb18e39a5c71193f31fc79e95ecda8696d7da8078d77010a41111fddcfcc6bcc45b7f68f8b759bd6246896f7f2493bf1fbd75c800fb0c63f3a94adaa3a28d59466dd8f34f1d410deea5a4787ad4986177f324c9f99621cb3b7be013593a9aa6b9e22b04b4188ed65f34ed3c04f4ebed5d04fa4ddeb977aa6bb216b56d41cc62471ff1ef6c4e5557d5d8738ec00cf5a8e0b6834b0b0dac788d7a31eadee4d6d069248fa2a53e58d96e7ea57ec1ff00101bc5df0746973cbe6dce85706d0166c9f2986f407e99651eca2be94afce9ff00826f78d934ef893e25f0d4cfb46a7642ea1cf1992223207d55d8ff00c06bf4547415ed519734132ad6d05a28a2b700a28a2800a28a2800a28a2800a28a2800a28a2800a28a2800a28a2800a28a2800a28a2800a28a2800a28a2800a28a2800a434b45007ceff00b46c026f13695cec716ac51bd0ee6ffebd7e7ffeda1e18bab0d5b40f19d9a3465145bcb2a64157077a127d0fcdfa57e847ed0a07fc245a69ee2d4919f67ffebd7807c4df03c1f117c197de1fb945dd7303c68edc8590728df81c57915a5cb55dcf0675feaf8be7e9fa1f1df8fe51e31f0668de3dd2b2352d3f115eac6c4920608247e95ef1f0c3c6da778e3414577f322b989639109e991fe35f2dfc2ef104de03f176a1e12f10298ace595ed6ea1907dc65254fff00aebaaf085fbfc22f8937da24afb74cbbc3db393f295cf1835934faf4fc8ebc461ef1708f4d63e9d8abf18bc3d3d8d96a1e1eb88f7c9a3bb4f6521ef6ccfcaffc058fe44565fc20d5ff00b4fc2ba9688ec59a372caa4f38af73f8e1e1a6f11f86975db1086f20858b73c3a636ba91ee33f8e2be5af046a6fe16f1e4249db0ce76fcddc1031d687771691a504f1187945efb983e2f8c98ee1369de87d7b77ae274c97c8d594f3d70735e83e3c4115e4e0281b81c13df8af36924db725b8c823806bb29bba3dcc3eb48fa63e16dca4160096002216fd41fe95d0cdab05d5af09cfef7120c743c8af2bf87bac04b61179870c98eb9e6ba9bdbf6b64495df01a3e727af5ff0af3e717cc7cfe2b0dcd55b6b73a4b545d63c6913265d76a3103d30b5e8df156ec28d11393894367a7a7f857997c33984dafdacb90488987a0c60e3fa575ff146ecdd4da5409832175dcc7dc8eff9d44a0d1e655fe228764733a3b25e78c6ce361b985cc64b6790324575dfb4edd88a4b6b7193fb984f1dbe506b9cf02db79fe362f100512e57249ffeb55bfda86f1d353b7575c86b684e7bfdc14a1b9a45ca5888536b6b1a5e19b77d43e136a41149dc80818e7a1cd782696821be61b491b58601faf35efdf0a49d43e1cdf420f2c8369ce7b1ed5e11b561bf9d429c077418fa9ad23a5cdb0da55ab0feba9dc59ac971a7c11c7c029d0f18f98d6d4360f144a5c167dfb7681c8eb8aa7a12bdb5a5944fc3045700f079735d35dddc5081c80e5b2471f9d73b6cf3ab3739f2a322e4fd92289dc9631b02a98ec1893516a08f6d797b1b0ccf149b3667ebe959baeeacb6e090c59f6e464fb9e9f9d6adac25fc457d668c1de35cb313d7be49ed49a76468a9ba70bc8e7b55bab89d248f3c061924f3d7a0adbd1ec02e925f682e9e6232a3e73f33373585e2790433b843802400aa8ef935d1f861e38347ba458b79766dc3246492579c7b1a5f66eccaaf37227d0f25d72ee269d89c00a48e3fcfb56168ba9491ea68ec59100276e79ab9e27d96faace5d46edc7e51d07b57297572223f29d99278e9c57a3182713eba8d36e27d59e0db0d2e3d00de79225baf2cf2e7241233dfdabe7df8bf7cd26a170ad9193d338c1f415eadf07f5a7d5e086cc2b5c4d27cb6eb10dce5b801703fc8aef345fd8b2f7c6fe219755f1aea5fd83a423652c6021ae67c75dc4f083f33f4ae18ce3466dcddac6795602b623153518b76ea7c73a069ba86ad72b1e9f6b2dc4bc644632073d493c0afbcfe0efecaa27f065b789b5ed7e4b1d424b3c431c4a0c31a6011b8f56e9ed53f88b4bf03fc24d1ce99e1fb3821813396277331f5627927eb5dc7c1af879e2af1a58dbea77fe7e89e106fde25bc8cc1aec1e9b63e8a841fbddfb0e735cb571ceadf95591fa053c9e8c62fdb2e67f81c67c2bf85f77e2bf1078926966922d0ecad21d1a2bddbc1217cc9bcbf539751ed8e6bed2b4f09f84bc05f0b6d343b6d3ed25496dc063b15db91ddb1963cf5fe55e3de2ff16d9fc3bd3c5b411451dac40edb7400019e49fc4f27d735d27c20d19752d42d75ef124af61a3b0f36deccb37cddc171d81ec3f3f4ae78e21d59f2f7d2fd874b21c3602929fc4d6afcfb247cf579a5eabe07f13f882cb5086e63d1e3bb55d32eaea36559222a1caab1fbdb4e573df15e7b7bf65d1fc27696f295787cc691d58ffc7c39e4e7d467afd715f5c7ed59e33f0ef8afc31a8697757514703c60c72a758c2b0264f60a01e7b92057c3565697bf16fc402e6dc3db787eda5f26d90923280f51f857a14e5ce9abec7c0e6d8254312aa3d3995dafe5f232759d7e4d5af098e3631eec0540028e7d2b2a41231cb2b8c0c75e3d3fad7a16b5a3596836ab6f0a28c124907241e3bd79edddd2bc8e0aed53c0e3a1cd690d5e88e2a0e328fbab43bbfd9fbe2627c2df8bbe1af16480cb059dd32cf1824130c88d1b1f7c2b923e82bf67ac2f22bfb486e2075921950488ea721948c823f0afc14b776b6b8791577e5c90a3d3a002bf533f602f8d0bf107e15af86ef67ddabf8702dbaab9f99ed7a447e8b8d9ed85f5af530d3b3e56779f53d14515e88828a28a0028a28a0028a28a0028a28a0028a28a0028a28a0028a28a0028a28a0028a28a0028a28a0028a28a0028a28a00291ba52d2119a00f02fda2a3ceb9a3607de81d4fbfcdff00d715e53202f2c04e40c82c073838c1fe95ebff00b4521fed0d0e5009f9255e067ba9af21b9015494c105c360f520f5fd4578d895efb3e5b1abf7aee7c99fb62fc0d93fb613c63a4c26092e0ecb811ffcf751dffde1d0fb7bd78dadd8f88fe08756063f13686aaca1b8778c1391eb5fa1fe2fd0ed3c57e1f9749bc27cb9e22bb811956fe0719ee3fa57c3de33f867aae8725deb3611f95ace9f3bc175128c24ebf4f75c107deb1a736d59b3b2863172c69d4dd6cffae876df077c70be37f074b632beeb88d1a370483c918fc3bd7cf3f16bc38de1dd79678c109bcba90b8c1cf4ad1f02f8b8f83bc6c2f22cdad86a4d892260730c9dd4fa1cfe86bb8f8b7630788b459268807f9b2081d091c75fa555f966bb1d893c2625492f765fa9e23e2cb84d474f82e949f9a2c9cd79ec8a1a4723192df8d76707cfa488e627f75bd5b23a62b897cb4adb47193802bba9ec7d0d05caacd68767e12d48d9cb082473c75af43d66e44961684b00c011fad78d5a5c34122e78287806bbc7d4fed5a5c2724b8072c4f6ff0022b19c6d24d1388a6b748f54f849322dc076e5911d703bf1c7f5ae8fc6b749fda293bb00d10427d3a67fad705f0aaf5d61b89946630c177fd47ff5ab77c79a8ffa55c5ba4bbc908323819c571545ef347cc4a119621a3b1f8376c1afa7ba2321a50c01ea783599fb5092daa5aee2bc59c581e9c7f9fcaba2f8616e6c2ce5738dcb803b638ffebd71bfb4edd79baedb2e49516918e98f5ff1a74eed9cf465cd8bb3675ffb3ebc571e13bc85b73129b400c067e538af12be885aea72b300aab23950c7a9cd7adfece37caba0dfc446248d4babe3b6c3d2bcb3c60857c45e5860363e09cf72714e29dda2a9d962aac7b9dd3078bec2cdbbcd16685cfa82ec41aca5ba9a5f3ee002638e5d9f21e725491cfe15635ebb68a531e77a08228542b75c072791ef5f627877e2afc2d87f66db3b48a6b388c7a3bd8ddf874dbffa54d7a7e53274e7279f3338e7920d4422ada9d386c3d2ac9ba8eda1f105d028b2dc4a408c2e700f206e19e6bb1f87f3497967e24d5ca169d80d8bd941079e7dab90d717ec1a14c5d4a16555c103bb0e9dcf5aecfc39786c3c23aacae9f678268d1506472706a1ec72d57154addde8705afdefd99cc61c4b712485c9f4c93d2b6b4cf107f62e898dbba7924298279c100e7f5ae66e7e6bb8a76f9d9a527e5391d7fcfe75329096e55916462e1b247b7f9fceaf96364763a4b95456a8e7fc5b64bf6af373bb8cb37b9c579f6aa4390c323e6af4bf10306b5d876a92d9620e49fc3f0af34d742a3955ce09cf35d549f43dcc346f13ebeff826f7878eb9e37d6756963f31346b6511bb0c85925240fc76ab57d4bfb4af8aa3f0bf867cf1b52e242769e0607ad79eff00c139fc32be1ef81373abc91edb8d67519670c7ab46816351f4cab9ff0081574df11fc2937c63f8bba2785d0eed3ad97ed9a8b750b083d3eac7007d73d01af9ac6cf9f10e29e87e9796508d0c37335d2efe663fece3f0460f1368f6fe3df18c0350374c27d2f4fb85fddac79cacaea7a93d541e3183df8f73f1f7c50b5f0be973b5c4a881549c1206d03d7d00adcf12dcda7857466d8122b6b58824718c0555518000fa0c5791f833c1e7e216a2be2cf128dfa52c85ac34e75f926c1e257f55e3e51d0f5e78ae494d4df2ad0ec8454a3ed24b57b0ef027c32baf883743c61e2988a6938f32c74e994e663da4901fe1e842f7ea7b0adcf1578d6f23d41346d1eddaff509c18e2b6846e777ec00fa7e55adf153e2bda784f406048f3d86c8a25192c4f00003ae7b0aa9f05ac60f86ad77e2ef14969f5dbd8b1046a030b5cff07fbc78c9fc3b55d282a9350d919d4ab530f46555ad7f23e39f1be87e2ff13fc4a97c29e2bb79b4508e26bb86471bae53aa46841c1403afa9cfe1df1d22dbc2f63690da048a345625010b8f6aecfe32da45e3df88f61e275b8fb0cfa6dbcd108a451e64de6104b1c7618e07bd703e236d3ad6d83dd5ccb3dbb654b838218fae39ff001afa0a70b53b247e279bd58d7c5ca54e5ccbbf9f53ce7c4091cf1afef151c4a58bb36720e38fc8579fead65691cb22c97db4641c88bbe738eb5ec2f6fa2eaa90da9b56f3e47c2ecc9dc0f715ccfc45f83169630ff695bc9325a103e78e43c13d8835a434667839d3a7eec8f288f51d3ed4843a86f941cb33478fa7735edbfb2f7c558fe127c5bd0fc429a8249a592d6ba8a46dcfd9df1b891df690adff0001af12bdf0bac05ca46274ee41c3555b7d3ae34fb94b8b266471c6dce3f0c5744559de2cf6959e87f40b6b3c7730472c522cb13a86474390c08e083dc54d5f3e7ec2fe36bef1c7ecf5a24da8e5aef4f924d3f7e7219632367fe3a40fc2be83af622f995ccde8c28a28aa10514514005145140051451400514514005145140051451400514514005145140051451400514514005145140051451401e29fb4544a134595b850d28cfbe011fcabc7ee91441132e03ac8303d8f22bd97f69188be91a2b76172e0f3fecf4fd2bc722943208d8e73f2038cfba915e362eeaa687cd63b4aac568a3f3566272a549da739dbdd7ea2bcc7e34e886cb469b5ab4b5f37c9086ea38d402f17f0c87d4a824fd2bd39332056e3017781d30470c2b0bc47a846162b1560e64e193fbd1f6e3f315c4b477381a6e4ac7c89e34f80f1f8dec27bed1cac373e5f9e1d3eeb9eb9ff003cf35e4767af6a1a425c68fad4724374bc05947520feb5f6b695a6b782f519f47936b69722b4da749dd53ab44c7d464e3d462b81f88df0cb44f19c7248d186609b9254e193e87d41fd2ba5495accf5e8e2b95724f587e28f8a3c5a86d7ed0230409df8da7b9af43f851f0774af12690f3acd20d42303ef104671e98a4f891f07356d1efed639642610412ed8c8e3b8cfd39af43f833a77f62060a72b9da727b8ae7c656e4a56833f43c8d52c543da2d51c378cbe0bb5c5bc9b63c5c440ed641b5987b8e86bc9275b9d2a292c6e83452c4d821b8047ad7dfd73a35beb102f9b1862abf2ba9c115e5ff11fe09e9fe27b09646842cc9c89a3fbc3dfdfe95c386cc395f2d4d8f731b808d78fb9a33c4fe1d5e31d3bcb0e36bcc060f7cf7ad5d4277bbf19bc0ec1944caa07272335cd5df87356f867ab422e51a6d3c483cbba41f29f66f4356bc2bac7f6978dc5c160e5ae15ba707e6e95ecdd4d39c5e8cfceb1584950ad294959a4cfa23c36e96fa75c00e2406709c103078ff1af1efda335b8dbc551440e08813701d338af48b1bf524460ec325d06da38e3e5ff000af02f8bf79fdadf129add1cb7cc23f5e724545249cb43c1cb69f36239a7d11ec7fb3aacc9a5df5d3211131d8bf4dad5c95f692fac78ca68d5808d4ef77da38e47ad7a1fc2fb73a678767117dc57241c919014e3f9d79b5e6b634cb5b8b9438b995d78cf3b722a1eadd8a8c9cf1557951bd797d6f71afdec4cadb6d5218e28c60ed1b5b9ebdf26ab4dacc71b3ed21179ea319eb5c0dbdc4f1c37935b2c8ef34df3b3b7758c0c9ebfc4cd44575ac81cd8b383db353ec9ef73bbead17f17434355d40ea7e73caec615daaa32481fbc5c8f4cf15bfe22d5b3e11b7d352365fdf073f3f3d08e715cbb1be368cf77a79481248c944ce5be6cfb63a56adcde7996cbba36408e3f830011dbd3b536b63474e2dab2d110f8b2e4dbc3a7d8d92087e50a420e79ea73546e2f52c6d57cd90ed4f9411819e7181fe7b532ea68eeefcdccc865f9f0039e3fce6b0f56b48e6966796e4c8c1895524e1727a0ab4ba1bd38455931fac6bd15ced483733638ae774af0e6a7e35f15d8685a6c5e7ea17f32c3147d0027a927b00393ec2a4fed24d3da45f2c799b71b9875af72fd87fc351f897e36b5eb61d74db1927e79f9d99517f1c337e556e7eca9ca6ba1f4182c37b5ad1a7d1b47e80fc33f058f87df0fb41f0cd800d1d85aa425fa066c659bf1249fc6bb5f067856cbc2d26a9aa3626d46f995a69c8fe151f2a2fb0e4fe354e2996d55509f9ab3f5ff00114b6ba5dc345977543b2307a9ed5f1d537727bb3f4fa946f0515a451cdf8ba79be26fc40b0f07d9b30b7626e3509149022817af3ea490a3ddbdaba9f8a9afd8783b48700adada5bc4228e28ced000180a076e98e2b91f861aae93e05b7d4f54d6f59d3e2f106ab26f987da533120c88e21cf271c9c773ed9af3ed7be2df87f58f1bdeeadaa6a70369ba3a87b3b6396373704f0c001d1073cf5247a50a9cb48a5b9c33c4d1a73752534a315a6a771f0dbc0377e27bf9fc71e2b8fc955cff006569b30ff563fe7ab83d09fe11db927b6307e23f8de6b933cb12b4b650129bb04213eabea79ac1b9f8e9a7f8a40b797c4a2c2cf72b3db0899171fed3fa74ef8e6935ab869b402408ee6d9a36657808618cf5fe55ed61b0decfde91f98e7dc431c646586c3b7cadeafbaec78c8f1bdbeb3acccf72642c5cc68524c103d7afd3f3f6a35ab7f0d6a524b0ff006e489b4618990905ba6003effcabcc3c556773a46af34b0eff002c65871cf5c67f2ac5b768ef332ab61d0e49c6403dbfcfb57728bd5a67cde1e8c7954e12d0f68d322d3bc2b3c0cdab457af1c82542dc103d3d3deb3bc7ff001266f10593e9c88b15befdc707823b0fcf9af25962be6b82c2e0dd4870487278ad4b0bf8c910ddc643b100055ce28b496af53b638782f7dbb9611b638c9e0718cf3d2a3bc58a0961dcd88dc94120180a7d0fd6ac4f181202a700e5b8fd2abead72a6196d958798177f192723247f2aa4d37a1d5077f7523f583f612d11745fd9cb410321ee66b8b8707b132118fc9457d095e25fb1a585c69ffb3978316e54ac92db34c148c10acec57f4c57b6d7bf0568a436eec28a28ab10514514005145140051451400514514005145140051451400514514005145140051451400514514005145140051451401e4bfb4743bfc236120ce52f5471ee8dfe02bc2e041e4c60316663e59c8fc54d7d07f1fedda4f87b2caa3260b9864fa7cdb7ff66af9ee07f294024ecc6d638e80f2a7ff00af5e4e33e347cf6397ef2fe449797dfd9ea67da00197298e7238615c0daa35fdccba8ee3b7244793c839e05763a8abdefd9ed90a879cee6901fba46460f3df835ce6970f9171756d2e445b7f78146486e7047e35c3a58e382495d953c776ba7ea9e13b9bbbc0e21953cb5f28e1e29bb11e9ffebae77c116f1436502de32493ae51981ff5c9d438fafb56978e2e3fb3fc3b716d38dc65db1adb8eac4e00231dc551d36d5347d22cc5d4a915ca2178dd89014f5287d45095b62629dda397f897e12b5d6ac6e6020cb729229b7645c923b8af9f63f12cbe05f16c7a64f1b2c2d20470472a49001fcebe89d2b52bcd4b5eb8b79905b1b6977b44f8c953dd7d57a73f4ae1be3b7c34b5f11eb369abe9617edeaaa0a21e24c6486c529f2544d4cf5329c64b015d4d3695f53a6d0f5b8ee218b0ff0037a86eb5d2c502dd2b207521b20ab71fad7ccba2f88eff00c3b7861bc3244d1b9041070b8f5afa17e1f6ac9addac523306de32a6339cd7cfce83a2d731fb5d2c551c4c39e8cae656b3e0982fe1b8b4bd8176c995cba86471efdabc6f5efd9a2eb4ad41750d024d996de2d9f3b7f03d7f9d7d856fe1b8aed437dddc7a6326b56cbc0113825848001d506055d2ad2a37e566957031c64796713e2ed33c2fe2fd32e11af34b9a40b26e06323078fad79fc9f0afc4b75e3e1ac5e6952a5a2c8ce01e492338e9f5afd0d8fe17fdbeed953ce48fdc9e6b27c4bf0ace9f1fee0b92324a8dc4f4fad754730947a23c25c35429ca528deef7d4f97bc3f7177e1ff0fcf0de5acb14a7cc050a124938191edfe35e3fe29923fb4b831b02402aaca46d35f6bffc21267e18307c76ff00eb8a6cbf0ead2e466e60559476750d42c7d9ddc4e1a7c2f4a13738c9ea7c2da219df4b3172023bc8c58672491dff00015bf6ab34292b3b86181807a9e40c0f7e95f64c3f08349e36d95ab31e71e483cfad5697e08695712977b28548fe18d338fcba56cf1f096e8bff005726e5752fc0f8db5096e5c43b826f96e1195770c8012403e83e6155ef16e42143302a1f85cf5e3d3debec2bdfd9cf44be7de6d5c303b94a31c67a7ff5a883f679d35640c2295244c853d71f4f4a1e3e9592b197fab9885f0b3e326d0f5694a32594e533942c870c29aff0ebc55a8dd2b0d3c47e637c9bd82f727b9fad7d37f13fc3579e149f4eb1b0925dac85c96e4f5000cfe66bcfe61a8799b2779266dca704e71f866bd1a55b9e3cd147c1e3f135b018895095af1f53cb9fe046b73ca7edd796162554121a6de47e0057b0fc0312fecfe358bcd3963d6f52d41635324b098d2354dc703e6e725bf415259e8cd748250c541f9995b1fd6b4ecccd0382db485c9c753edc544a4ea45c25b33ce79c63213e6a15395aec91d46adfb43f8d3555511dc45a71723714840d9f43cd615deb5aa78b777dbb52975007abbcb800fb0ed5ad2430eab65f2c264000c95da98ebd6aadbe85fd9af1dd453222eec1553bc9fe959468c56c8e5c46658dc4bfded594be6edf7185a9786275883db4cc1a33908c49191f5cd654b1cdaa1b857b4452801668f9c75e715e91e2587ed36825b5594c2abfbc794ed53f41583a2e8e2e4b359dc402443964933f367b641adacba9cbcd512deece22745b6bbb0b68654366c5269a54dc779cf43e98f4afa3f4a8cebba0b4da3ca05c18b0aaa988f8ecc0f5071ffd7af01f13d85e6917122cecb1c6edb951532993e95d2fc3af1d6a56aeb671aac907031f32127e873ef4935d51bde524a4b61de27d32cbc5d75a8699716cba4f88a0b6cb5931c89ba7cf1b7f10fd477af14d4f41bcf0c4d3db4e8d1962a718c035efff00166cadb5eb4b4bb48cd96b36ff003c534326d6523be6b8db3d62d3c7b1c9a46b7e55bf89238c08df1f25ce3032bd8363aae7e9ed5195b55b1ed61e7cb1bc3e6bf53c88dc490c9bdc82b92770a88dcc81c3290021077750ddeb77c43e15b9d2f529ad25f918120061fae6b166b768635320239ce01ebc56a9a7b1eed26a691bf69742fa2249c360313d3a62bb2f829f0c9be2b7c6bf0e7872690c76ba938170e8bf32c6a0b3e3d0ed53f89af2ab2bc92daf4c4cf853d58371f4afbfbfe09a5e06b1d5b5ef12f8aee612f7ba5c51dada31fbaa26dc5cff00bd88c0fa31f5ada8c2f5122a51506cfbf748d2ed743d32d74fb2816daced62586185061511461547d0015728a2bd7310a28a2800a28a2800a28a2800a28a2800a28a2800a28a2800a28a2800a28a2800a28a2800a28a2800a28a2800a28a2800a28a28038bf8bd6a6efe1ceb8aabb9920f3718feeb06ff00d96be5a8c97817928a3827d8f2b5f61f8aacc5ff0087353b723225b69131f5535f1ed8a8f23749c28f91973db9fe46bcdc6696678b8f4d4a2c2de158e6964b838058ac8327238e0815425963b5b67ba283cc8be564c7de523ef55abe99938cee720a9279cae386e6b9fd7a491a14d3e0626e5f88dfa6e078c5715ba9e4f3dd9ce4111f16789219ae2557b2b404ab1e9b81ce0ff9f4ac1f8a5aa4b3c6d2c019614652eabd723b8aea2f218b4ad3e486de3c3caa3ce0bfc2dfe7fc2b96bfb1fb741359de4ca19e2cc336786c76a86ba229bbab981a56a73789ac6136b208af220cb6f71b30c99fe16f6e9c1fad43e1b97fe11ad69b4df10f989a9c484c9bdb09229e8633d0a8ab3e15beb5f0b6a72c52c7e4cd8c36470e0742befce71543c6b19f19dd837ccd1592e63b6ba18f32061c83f4f51d0d438ab599846a6dcc727f11f4ab0d4637d42dc28ce40518273e86b93f0578a358f0a6a28ba5e5eda57fde5bb8fdd9f707f84fbd6b45a6df43797363a8dc23142764919062b851d483ea3d3ad3aeafb4bd1ed98db0c871878cf507d73fe4d4ca2a5eecd5cf530b8baf8495e9bf7bf03df3e1b7c73d1b559a1b767582e470f6f29daca7bfd7f0afa0ac35eb2d4ad91e19a321941ebd2bf30356ba8a59de6b6dc361c89436194d763e0df8e3e27f0cc31e2e5af6043b43b9cb7e7eb5c357072de07ea197710a9454312acff03f4aeca58621962a78e0a906b27579a1333641627bf5c57c99e11fdb1ed37c76faab35a9e0664fbb9fad7b7683f14749f10db24d15cc53a381f3a3835e4d4a73a7f12b1f6587af426f9e33dceaeeec6ce40a8123623924819155e3f0fd9c8ff2aa9ef9350c3aed816ce0e3a1638e7f1ad7b6782601a33f21e840ae7d59eba707b0268f0c51803650ba1a6c202ae1aaec3124bc12463b66adac7b78c71eb9a688751c7432e2d151558328da46400295b494460e338c7ddad7e42f271f5a80b00a03703b8a76442ab23c33f681f0d2cdfd8f32244a7e78cb390bb7a11cfe7debc55f488c0019d0bc72292218cfddc8c9c91efebdebe97f8eda5b6a1e0c69d1373dbca8e08ea3b7f5af024ba8fecf345732aa4b1a603a8e7d793fe7a57d0e0e69d24bb1fcff00c5f41c335949ad2493fc0ccd52c3ecb22048151d995732938c7afe54973710476ec8d3202011ba318cfb93552ef5f3ae7d9d34eb47b99930accec31d3a9f4fceaf69fe14ff004233dfdd24cc0e7ecf08c81ed93ef5dadff29f189f24efd4cad384b71f258c4f2a93cc8fc2e739c67f1ad294ae9b2092eee50918c2468195477ab126a5f62cc096c161e3633b003bff0087e95c7788757d923049631bf20ece71d7bfe150b4356e72f87746b78baf2e359d39a485e496d9081b738c7e02abfc2bbb8ed75e68a54455906d25dba13f5ef563c3d1c69e16bab9b88de68c291f3e319ae47459269b512d04491857c8663db239eb43948da9497bcda3a8f8c897306b69109f368d1ac8af1af0c4561f86e613c80889e570324907e503bd76ff00132fedff00e11bd316e1d5cc60a878500ec39cfe15e6ba75e6f4c42257539c73b7f1a24efb177e7575a1d26a7ac1935110c09b999763195b81cf515ca7c47d03c88d0da5c451cd161d6484fce1c770474fceb6b42b784ea177f6a8d7cf923db10958617d4fd6b175796ef4a2d134b13c2c71f777102a62ddee7a984708d44a1ff0e57d17c50df11f4f6b1d43fe464b319598a01f6a8c0e4f1fc438c8fc45731a92496025385923072cac3a1acfd4d25d17c45a7ea5a7cd28b8866478e4030339fd47b7a5777e3ed10585c2c9e5958eee15982e73c9ea3f3cd7425caf4d99eda9469ce3a692387f212e5ade6880684924fa9cf41f5afd61ff00827cf81a5f0bfc0f4d5678ca4fae5cb5d80c304c6a3627f2623d8d7e65fc06f873a87c49f8a1a3783ed549fb75cfcc40cf94806e7627d9431afdc4f0ee8769e1bd0b4fd2ac21582caca04b68225180888a1547e4057a987835efb3b2a4eeb94d2a28a2bb0e70a28a2800a28a2800a28a2800a28a2800a28a2800a28a2800a28a2800a28a2800a28a2800a28a2800a28a2800a28a2800a28a280192a878d81e4118af8df59b43a3788b53b2907cb05d4b101eaa188fe401afb2586548af987e3869c34cf8897130f956f218e6ce38040da4ff00e3bfad7162e37a773cdc746f052ec7097f232c6b1a152ea3746e7a3afa7b9ae465d52df4e33cb3125c818031ba323fa76ae935040d13023183e9f75bd47b1ac9d6742835095667610dc6ddac4636ca2bca4d5accf0d68de871cfe27f38b4a6301dfaee395704572fa85cc56a7ceba918c6ce418c1e50e3fcf35b3af784c8867fb16a11aa9f98dbc9d473db9fe55c76a5e14d4e7b62ab2db4fb7a3ac9961f854a8b96cc8949c159c46eab7e2f1819d87da2303c9981c640edebd3fc9ae5f59f13e14c4ade64846d68f1c30ed8f4ff0038a65d78635e9108565da870c030c13dc8ef5913781b5c9a52f12799193f30c8257f1cd369f533a1c955de7a791505e3085966226824937bc44fcd1b74dc0fad735af40ba716956537d6a7244ffc487d1bd0f5ae82e7c0daf4f2989a30c57a3291cfd79e6aac1e03d7239cbc9144582e0c4655dac3d08e4554525d4f5a152149e924715132dc9679dbca42a0c6a0e33eb9fcaa96a3ae46db9902c302632147def615da5d7c22d42ee53fe976d670e7f7916e66e7fd9e391576c3e19f87b4a5135eb5c6ab22636a960912ff00c04727f13f856adc56ad9d9f59a36bdefe8799695a75ef8cae67755fb36950f334f2a921463eeafab1f4fceb45676d21d1349966b28e32447f677287ea48ef5df6bba89ba510c2eb0c29844811308147a0e959971e1e5bab712b5bec0d81ba36c63f0a8728cbe235a58ca90777a7a32a59fc6bf881a0f942d75c37b1a63305faef07f1183fad7a6f877f6d3d4b40743ad68267e9be5b19338ff80374fcebc9af3c2f927c9bace47dc9548fd4573baa785f56862dc2d4cca179785838fd2b1961a855d1a47d16133aaf17ee4f6ee7dd7e09fdb33c01e208a2175a92e972b80156f57cae7d3278fd6bdbf43f19691e21b48e7b1d4619a27190c8e083f8d7e403e8977ad5c45616f018dc8264771858d7bb1fc2bad89ae3c196f10d1b53bcb0960504cb05c152c7d48cf4f6c570d4cb23ff002ee5f79f4d0e2277b568dfd0fd6f46dcbf3118ea0d2496e632645f9d0fe95f9a7e08fdb27e23784e4114d750788ed23e4c77b1847c0ec1d71fa835f4afc31fdb93c3de2cd164bdd534bbcd1d6dd84774d10fb42459e8c768ce383d0579d53075e9ef1baf23dca59b612a24f9d45f67a1efde27d1d75af0eea366c4aacd0b00475071907f302be459b4717d98e77774dff2c10fccdc7f78d7d61e14f893e19f88166975a16b765aac04722da60587b32f553ec40af957c6ee9e1ef14eab6cb712911dcb29882e380d8c66bab03bca2cfceb8ee0d2a1888aee9fe689b4a16da4dacf6914491329cab39da580e981f434fbdd5bec1e17b65698879999ca40b82dc9efef59315cc373999044cce07fad7c9f403191d38aabf10b53f26eedf4c5b93fe8b184dd0a7078031d3ad7a7cef53f318d294e29a473d2de35fdd4ee637658d000643d4faf3f8d73b7f75e596092c68e473e5f3cfbd5b7b63672dc249148fcaef2e7033fe4d52be0903b6e961831c8099248a9bf53ba9d19736c77fa15e42fe009d5da494a21253385cfd2b97f0c97d65a5b78f64273db9c0fc3927f0acdd3de4bbb2942f9925b95fde12768a8741bf6d2f5a8a587ca8d14f014ef27ebd68bbb58b8d0494acb63b6f1f5e2699a55b58b4e8a8aabb50a00c58e33db8eb5cd693a61d4ecee1d04be74437607008f51543c73aa45ae937314b2195400d1edc63f1f4a7f877584934edb70e16541c1ce723d09a5ef28dd1a3a3cb053453170da7de2b4c36213f7f7648adcf105bc9f675f9963461f78264918fa57397262d575258d2354563cc982df90ee6bd035ed4d2d2c2cada38898ade158d5a48c06e0753f5a6e5cad1df1a5c928b86e79cf87bc392f89bc496b1324d711c526e29b7031e95ea5f14ac5755d7345d034e884f7a02c4b6f110c448e4054faff008d702be227b0ba926b462b3b291904022beb9fd827e006a7e20f15a7c45f11d9c8ba5d933369bf69520dc4e463cc00f25501383d3774e95d74a9cabcb55a1e82a72954e796c8fa37f656fd94b46f80ba0a6a53a0bdf18dfc0bf6dbd70310e704c310eca08009ead8cfb57d04a3000a00c0a5af7968ac748514514005145140051451400514514005145140051451400514514005145140051451400514514005145140051451400514514005145140087915e19fb486907768da9a8017735b39fc372ff26af74ae37e2c7860f8abc157f6b1a6fb88c09e118cfcebcf1f5191f8d67523cf07130af0f694dc4f926fe531ed63805410acdc8fa35715e229e59a292246684b0e149f947b835d06ab7eb08d8cd81d0e7a1f635c85fea71ce1813b00e9c6e5ff00eb57cf5f4b33c04ac91c35ee8265dccf713b4c0001bccc8ae4f54b4d52c6e408276932703639ddfa7f85777a95caa1df1ab1da7036366b9fbcd6936fce1076247cad51789ccdbdd3d4e4a5bbd6948ff4db88180fbcff00373dbb66ab4bae789616cf9cb38ece14027bf3c67f4ae87fb7ecccbb5b70c7046d0cbfce87d674c01f3129f40a08fe6295e2109d46f9ac99c65c78cbc4258c67cb4723019e2fc3b1fe75466f19f89628c8786de4e319084e7f5ff0aeea5d674d989e10a9fe1957a7e59acdb8bbd281c91c649ca927154a51d8ef8d4d2ee9a670179e3fd7cfcaca800ce0185b07f5ac2baf1eead23e3ecf6f91fc5e5b63f9d7ab1bad18447f7224c7629bbf5ea2b2ae6f7442c5fece571dcc67fa8aae7827f09d91ab17a7b3479a4de3ad6e21bd6d2da48f3ff3cdb83f8b5517f891e20320db6b6c476c4678ff00c7abd326bed11dd8980af60c621cd57173a286fdd59b39f5550bdfae09ad39e9f5896ab413b7b33ce25f88be242c40b4b527be60639fd6992f8cfc52b666e92d2d970ea01588827afbd7a52dee9c25023b17e38e4273fad549f5e8248cf91a7642c9ce42a838e3a7e747b487481b7b677f769a3cf24d77c63ad98dd6ce1824d9b19e2817730eb824e7350b787bc55763f796b17cd8cee18efec78aef9f5c64dcc9605463af99de9a3c49786257fb2ec53c0225cff4aa53b69189a7d62abd23048e62c7e1feaeeae6e2ead6cc3ae182c792077ea6ba4b286dbe1bf85750d3b4cb96bab9d49024ee4607e031fe7f1355eefc4b76c36fcaab8eec49aceb8d7a56562ec84118ddb075f6a1ca72df625aa955fbefe4731a4bdf685aa9bfb19a6b59e074669a191918f3ce083e95f43b6b179ac68167797d793df5e142b3cd21cbb904852c4f525767f3af0a9f5d95720bf7e70ab9af55f0aeb9fdb5f0f22924cacb6b76f6f3103e661b14a1fcb8ff00800a55524b9ac73669ed7114a116fdd4f62f699af3e93771dc148890e06c97a0e3afe83f3ad797598f56d6fedb35e225b1669645823c1ce3a6702b80bab88cb942044a7f8a43ce7d714e83539f4e255f74919ce1d06147e35cd28758b3ca8d26a0b93a7736750d40cd71348639660ec597ce70319350ea0435b4664961897ae631b8e31ebfa75acc3710b319a5da430c88f7e49fae2a8dfeb12dcfc8a0841c0445c01f8d54536cee8d39ca2ac6c4bac2c5a6bdaa33306e403c71599a75ca5a39937a06031b5064fe75946760cb95c93dc9cd356766fbd9c67d319ad6cb63a69d250bdfa97ae2e59e662f9c9391bdb031e98aacf74f6ff3239041e42ae0536e762481778ddd589c75fd6bd6be0efecc5e3df8ee92dd78674f81f4b82430cb7d7970228924daadb4e32c4e194f03a1ade14dcdf2a35f66ad6b9c0e8f772d8ce6ebc92ecc06c776e9fad7b1fc2afd9f3c7ff1c6ea2fecbd1e4874e66064d56fb7456e83d89e5be8a0d7d95fb3f7ec11a17c3878355f194f6fe2ad650064b7111fb1c0c3be1b990fbb003dabeafb7b68ad6358e28d638d4615506001ec2bb21848a779ea74a824efd4f983e0e7ec13e0cf00cd6da8f885bfe129d5a3c30499365aa37a88fab1ff007891ed5f4f5adac5670a430c6b144836aa20c2a8f402a5c52d772492b22af7dc28a28a60145145001451450014514500145145001451450014514500145145001451450014514500145145001451450014514500145145001451450014d65dc314ea2803c07e2d7ecc6be2fbcb8d53c3da826957b292f25b4c84c3231ee1872849f63d6be49f8a3f0b7c6bf0b43dceafa3dc8d3d582ff68598f3a1fc4af238f502bf4ccf4af21fda16fc5be91a441de4bc0e40ee147ff5c571d7a30945c9ad4f3b13469c69b9db53f3746b116a51ee8ae62940e31fc7f9706b3a78a5997aef8f18e5f83f8106bddbc55e16d2f53d69ee6fec6de50776159012c40e39f5aa6ff0ab45d434e8a558a6b3999332086638073d39c8e2bc4749af859e14d45b4ec7804fa7ae5d9a0c0c764ca8fc4556368e819d55091fc21c83f957b07883e101b7691ecb51280332aa4a83271cf247f8579178c3c429e00bd96d75132385eb2471e579e83f5a970921d0e694f9228a925c98dcaec7393ddc640c7bd5633445f26125b9e5901fd6b634dbf3e20b26b8b3d39afa16c7fab5c37af3ef8acad624b5d2d89bed2ee2c71da51b783ee45656b3d8dfdf72b15daeedc065c0047f7830aa771a940b18193fed0593ff00ad55a4d6b4407224914f38f994e3f5fa5451df68b7ac1034d293d42a67f3ad1c56e7528cefac5924babd9264172a0609c91ffd6aa92ea766d9748c103d36e0fe550cf75e1b59fcadd725f1bb0b11c7e1c5413b7866252ec26541c12616e7f4ad524fb9d0a16b5e2c74baddb403746883cbc12719c7d7159bfdac87e64017279214ff008d5cbd5d06d6371e55c156ebb548c8ea2a0dfa2dadb79df60bc7418fbaa3f23f955a51b1b464d3b38b32eef502c0ae1896e98ea2abc97578ae0081d88e32cb57356f12e8da5b5aefd2ae8c3391b18edc0c1e466bb8b9d0b507f0f9d6f4bd37fb4a2dbe6b223812264f70455b7cb6badc73a8e9dbddb5fb9e6a6df50b9e91328ebc81f954d1786ee2f6d62625d18bb2e0127bfd39a55f8937bf6c36cfa60b69812364ef9208fc2adffc24fad5ec71f9696caa41c288f233d7fad68f9d74357ed5ad9216cbe1fb5cce5a59f6ecf99973d87f935d3f87a01a2f87752b7fb4316bbb98e5882f4501581c9cfa1ae1e4d5fc41349e51912132216431460061deb3e49b567560f7530182015f971f90a5cb292b3643a32aab96a4b43bb9200651e63b32f2772b62ace9ecd79fb899bcbb61f7a49724015e5a86f149dd73293c7563575753be103c3f6c94290c1c06c020d12a2df514a8e9cb7352e3c476f6f75347146d710a361581c023e955e4f1216947976a51b76371738c7d38acfb7b33b01c13b93f954c2d19b693cb023afd2b5e48a3a229452491721d6a7922ce157af217fc692feeae6580ee91c2f272188c0c510db6d0a0a91c9a967883c2c324f1f874a3dd4c7a27a947438bcc96067f9d083920f3df15facdff0004c38027c12d7a4047ef35d7e07518b5b71cd7e5669502882d9c2f5073dcf5afd4cff82605e799f087c416c49dd1eade660f60d0a01ffa01ade87c7726524e6ac7d9b451457a06a145145001451450014514500145145001451450014514500145145001451450014514500145145001451450014514500145145001451450014514500145145001451450015f3f7ed27a903aae9168396b785e738ff69940ff00d00d7d004e2be59f8f376ba878faf577022dede3800fa7cdfcdcd73621da9b3cfc74ad4addcf2abeb44b9bb0c4fccb3120e7d3fc6afda3c6d69b63e57cb0a5b8ea581ff1a2fe08cc919cafcb704f239c01ff00eaa2ce2112ee238f2d703b7df15e5743e7a6fb15f53b21f6a930360f3a4ebd6be67fda0fc1e6e9ef6e36171f23b118e3fc815f525de0cc091bb6bb8e3f1af36f8cda44775a1ea190446550b11d480a4914052abece49f63ce7f675d2d6e74165907ccf32f047dde3007e55d7fc55f005beb7a54a420de6118046464103fa5667c1bb76d3ad6560f98de642a1473c92706bd775bb71358c7f281b448a38fbdc9f6f5351ca9bb9729f34b996973e22d77e14ff00674c99503f75bba76e38e95bbe0bf052432aaed4de101c6dc8238fa57b8f8a3c3f1ddc96f2320dd2c0d1a03cf386c7f4ac38fc3ff6030c0113ed0f01cca0602fde3da934e5a31cf1755ae4933cf3c67e028ad751b6bd802797c06da31d48eb54efbe1fc12c975122966312c8a3af50a71f864d7b25fe9d0ea1a7bd94bb03dc593ed93fdb01b693f420573d12c534765738fdecf6851ce380ea581fa72b438bdc8589a91692670769e04173a466684acb02047dc338db819fc463f3ae8748f015b5f584b132fc8c172ccb8233e82baad22d1fed9771b1c9b8b70ea31d4838fe4056adbc421b17f9881e502490474f7fc2851bad49a9566deacf1cf1c7c2eb4bbf0ede5bb44527825578580e808ebfa0ad0f823e248b4d2fa25faec3930b23fdd60463fa57ac5f5941acd95e47e5af9935b2b06271f77bf1eb8af1fd7fc2c20bff00b7da068a64549198e7a9c7f5354d2b72b2beb0dc5d39ecf62a7c69f849651cd0de4316c2e1b2e39208c7a7d6bc7ede3bdf0c490b4e867b2570448a09e38c835f4e4baf36b3e1c95350525c046652013d31907d3915e65a869f1c2b3db3a8b8b62fb82bf439ebfd28e7715caf63b30b8cb2f66f65f91c449756977a6c7344e4b433864eff0029abb1d8dadec459546d43ce077acfd47c26da55dc9258b8fb2b12563273b73d0554d0b549348d45a1b88f30cbf2e30383cff89ad1ad343d1ba9c79a9b29ea560b0ddbaedc63f8715585a021b2c0f53822b73c4708371b979ce1893d07b5508f8c071cf43c77ab8cf43b6127248823b6416ea14fdd3d876a91602e9951c6de091ef56e244c13dd467a639a58ce2e7cbc7738a571ddbd88bca1193839e7201a7e3ee9c000f19f6ff26accf1700900165071e94d961191b79c13c7eb476334d90e9058491c414e14311e98e6bf447fe0973adc813c5fa4b4ac62d90dc08db1c302c091ff007d0fcabf3b637f26e2338217695c018eb9afb7ff00e0989abfd9fe27ebb60cdff1f3a733ae7bed64ff001ad68dd4d0dab34cfd2f1cd2d20f4a5af54e80a28a2800a28a2800a28a2800a28a2800a28a2800a28a2800a28a2800a28a2800a28a2800a28a2800a28a2800a28a2800a28a2800a28a2800a28a2800a28a2800a28a280192743f4af907e294cd278e7c40ec7244aea3e8318a28ae3c57c08f2730f863ea728503401c8cb7987f55cd12b1862408c540d8060fe34515e6b3c2636dd8cb37cdcfcce7f9d6478aed62bcd3ae1258d48628a703b628a28462ba9e77e17b48ecb56b95877228976601edc9af52ba72d059a93f2995811f9514536694ff00868e5355b58e4b2b46230cb332e47a715420811a4d398a8dd20c31f50451454af8872dd185aa2666d3f0ccb898a707b6471fa9ae508313dab2b37cd239c678ff003cd1454bdce1a9f1ff005e46a69f70ef7da6c84e19e390363bd7456f0249e4861b83c72020f7e48a28aa7b1aeef51962de54f02a8006c65fc39ae4f5e8c44b2e09fbae39fc7fc28a2b17b9a74672b6779224732820a9848c11f4ae7f53024db903e6817247f9f6a28a73e8634dbe739f750edb48e06de071dc5729e23b748afd9946d3bf3c7ad1456b4fe23e870c57d4a42ea84f2768fe950c6cdb94e4e723f5a28ad4f5a3f016c93c1ee50e7de9f20db28c1e700e7028a2a0ce3b9293bbcb539c156cf3ef4c63b6450380197f9514534364128c2a73ce7193f415f537fc13a2f658bf689d26256c24b69708c3d40819bf9a8a28ade9fc68cdf4f53f59169d4515ea9de1451450014514500145145001451450014514500145145001451450014514500145145007ffd9);
INSERT INTO `alumni` (`Company_ID`, `Alumni_id`, `Alumni_name`, `Alumni_email`, `Alumni_phone_no`, `image`) VALUES
('1054', 'A002', 'Sumukh Venugopal', 'sumukhvenugopal@gmail.com', 8861103653, 0xffd8ffe000104a46494600010100000100010000ffdb0043000302020302020303030304030304050805050404050a070706080c0a0c0c0b0a0b0b0d0e12100d0e110e0b0b1016101113141515150c0f171816141812141514ffdb00430103040405040509050509140d0b0d1414141414141414141414141414141414141414141414141414141414141414141414141414141414141414141414141414ffc000110800c800c803012200021101031101ffc4001d000000060301000000000000000000000000040506070801020309ffc4003f100001030303020405010604060105000001020304000511061221073113224151081461718132234291a1b1c109153362162452d1e1f01725438292f1ffc4001c0100010501010100000000000000000000050203040607010008ffc4002d110002020202020103030402030000000001020003041112210531132241510614612332718116912435a1ffda000c03010002110311003f00a41718e8b698f3591852fcdb01c923ff0034721486aef6e4b6eed694e6e052afed598d223cc54744c2a09528029eca18f6a90b50db34dbf6f848d3f6e4c28a7c45992f1dce294700a77938da083fc6af5e42cfdbe975b530663a9b091e88905dcedebb64c719730549ec47a8f7ae28412738c8a78ebab1a196e2c964e5232d15673bc77069bacb28434771aa45da573a93bbe3dc2fbc003834540585612927f1461c5a52e7d29c7a3b4e377d53a14bd98c0007a9a1f638f7276154f9360ad7d988b1d6401b8e0d29c47145430694751e8d72c8ea36af76e1dbdab8592cf2a6387c26c9423952c8e054603e51a5843271acc47e1689b4e821f60a9239a6b4cb796164ed383ed52ebda5042b47cd3d206fc70d041a2f1215bc34da8b29121b395ef00e7d8734470bc7e4d87446840b6dd5ac943e0c6dd6c7ee1223dc13e038a214971e184607d4d5efd5b69d3d3f4ab6d2664556538ff50004fa007eb5e6a7fc5c6de1086901bc9c04a3239f435d657502f89642644d71e692bca1904809c7d29fbff493e659c8d9adc5d5e5e9a175c4effd441eb6e9e55cba8b7216d84b4b0dac804639e7bfda9897cd0575b4864b8c6ef191bd21b5051c7d40a9225dfdd62e4e3edb60baa483bdc00907f3da942d9ac61dc6615bc847cd01b55e8902ac94f8018e81396c082adcee6792ac81d519c6094ad252a1c1491cd053653deac4a74969ad51716dd79b737a925b2b4b9c2d43f7aa2bea668f4691bb98ad970b4a1b90a70633ff007a1d7e2b631d37de3d45ff0028f51915cdc6b77602ba1e28544d8f52611b9cbc257b8ae89040e4d019dc4fa56ab4052c13c81e95e040113c403b13658cab23b56aee42703935bd6ae24a9408ed4a067197aea7265052ac9aef58ced4d68da95920f233c574f7dcf03ae8ce846450ac8efcf6a15c8b939fc43f461ce8075624d89c2a76cf20f8b01d5fb1f4cfd2973a4f6457516d376d35e779d663bd3a04568a5014f00324ab1ca424138271c7a558cff14fd3d18e97d177d0d812db9ee4352bb12853655fc8a6a9cf4a1776b5c1bcdda2cf305288ab89bf9cabc442b29e3d081fcead59160b711837bfb41dc4d7606109f50af6da96cdad0b42fe54e14a40c2411c60532dd24b61428dc782998f80e2c824f24d38e568b4aa1a14d2c28919c8359a64e5aa300c6497751d460be09ce29474fea191649414d11dc1da7b517b94176deeec70707b1145986838e8e3f34a0caebb92e9b5aa60e87b12cd74f1fb5ea9d3d2af77ab7894183e0b4c1cec5280cf71f7a4dbcea9b45bedce14c3662ba4e198ecf978f4dc3d4d77e9730fa3a3d354929750dcdf1ca59500e25290324d453acae6a55ed95021c640ec9e48a21e32bacb31fb8308e6f92b73157e4efa8b13f51bf350b71e7492e2c009cf00fb511ff316a32f2e25785615f518f6a6b3d294ebcac2700f232af5a555dc51258427665f4919c7afe6b43c66423404aad8ac62f2e4fcda1ef2970e77b64f1c7bff005ad90cfcf16d0a578694f624f04fb51185726a5361ac84bc9c80d93824f723f15c56a597dc643a10bc87005647a11c7d3b519ad4480c9dea2d4897111b23399dc8072e0e777da9b3359485386310d2b380e289c28517b8adc78477b84140d8e60e793eb8ad1b79c5e5a014b59560903d08a75bb1a8951c7a8b1a435a3f69baa7c45f09c24f9b3819ef5276a2b333afad3e032b61129654a8ab75595b87be3ec6a04f0bfc9ee3892c17013dc795491ee0d3fb4fea3302e2d25925c47954ca877463b1cfa10681dd87fbc1c5bed24fc86afa946e47d76b248b4bae35291e13a8514a907b8349b8006054b3d4790ad43615ce94ca152d950ff98fdf3e841f7fbd44f8ef9aa9e5631c5b0d6615a6d168044d9a46ece7f85654cf7fe55aa0e142b25c27e950b435a923b9cf9c919ac8cd676f271cd6083ef8ae71d18a80a02bb9c1a006de0501c56c84ee07de9713a03b984e33cf6a15b16c819cd0ae4efb9e99ff0089bc355cba6ba4230750d97b506c009e76a6338a51fb76fe22a945f5d4693d2b1189052c3f21acc48693e64a147ccf39f520703daac1f5dbaab70eada348c0bc5a14f4189715cc5149c0524b601428f1b376ddb93ef55035c3d757b554c76f20b7394a054d6e04369c79529fa0181473c9d77620f85c6b720d56d792a190ee705ad454148279e78f5a3cc5ee544e58513f4cf71482e4821b4807b519b64f0d39fb4c14fd6a8b75218fd51d61b1bd4d6e33dc9eeee7460fa0a2c9596f181cd1eb8bad3ce6f401835c1b093dc0ef491a51a8f56362489d2ab9cb86cdec88eb9119513f6c1b7369482700e3d79229af0adafdd2e0e3243a168594818cabbfb53bfa413ed51aeb726ae4df88cbb6d7d296d40949584e539c73dc0ab47d16e82c5b4b9127ce8c4ce790d3ee36e73e1152428a73f4cd2973530c13a853130ce4b0d9ea5611d0ad488604a55b5e532a3c86d39573ebb69c76df86ed533c21d8f07c1428676af9563ea057a5fa6f405b26a32eb2da86dc0c01903da9e766d0d6b80af232de0f6c8ed5270fcce4bfa50213bf07153a1bff00b9e5bcaf860d52ca1975b883c549e14938fc7bd275d3e1ab5e7cb8b87c92545b390413b8fbf7af5a6568f82e480762003df8a596741db1e8850a690a42873c66afb89e56ce219e5632712b53bae787ba87425d2d095b73239664a867c3279047f6349b6e8c12b42dc2b8ea4f046ccab22af57c4ffc342a03936e90652e420294b6d83e6536492703dd27dbd2a96dd213906e19753853470a3fbc93575c70b929cd6562d6359e2dee245fd2ab8290f21295103046dfd5f8c71469bb6b286a32b0b42b8007a820f6ac9b918e929510eabd0ac67ef5a4ab98990dd4b470a0a490738e7fb53df0853b8c176200116ed6b6268763ca6438dad25050bc119f7fbd44f31b0cc97509c6c0a3b71ed5285b6385c88ada1d582495157ae40ed51b5ef3fe69232d964ef3fb3231b79ed549f3caa1d587b85fc777b308d60aab6092aed459d696877239aa83130c93a8753b52320f7ae4a3c93f5ad1a528a7918adc735c0762747e6633c56c95e0600e4fad74da0b7db9a05a1b739ae77ef73db815908feb42b1b4918ddc50a5020ce4f4935f7462d7a8fa9d66b6c0d4ebb25e6f16f8888f0556b75e8ae3cebaa3975d42b6b60846dfd39e6a91f5b61daeddaa244588ef8d31875c69e50071849c0c93dfb1af4c3e302dd03a6560b26b55cb6a249b6b1ba396fcaf3b250a506500f6c0dd9e39f2d7927749cf5ce7bf2a42cb8f3cb2e2d44e7249c9a9f7f91bee5b2bb4ec6fafe240aa8442388d6a142aca6b740e07bd72cd198d19c7ce109381eb55bb2c03ef2699a3b900735842c9aeee46536e0439c5766a078d8d8093510b802797a8ff00f86cb42f5675af4bda140ad12a4e149c770125473f4c26bd3e45ad6d4f7d5809cab202460579cff0eb3e3f49f5cdbb5b5de33ff2918ad965d4a7c897149c127df00f6af42b42f59748f53969559eed1a5bc301c65076ad27ec6a1db8ff00b9ed7d0964f1b6aa1d4916c0e391d0368cab83de9dd6f92ea90370c927d29bd6f6d9400a428653c9c9a71dae4368737952768e3bd14c5c515800092b21f7d88799de9c0c124f3f5a598af2d0d919a28d3b1dd0425692bee3df15df62da072329f4e2add4ae9746576e606451d79b73f79d3b223c6da8796924909cab1f435e79f51ba5ec5a9890a7247852b04e36e47d8d7a73ae6d6eddacf2fe4c0328345293fd6bcf6ea545bcccd4521a94d2d286479d25b29f28efdfd6b40f0960e3c37291e58688b07b95aee162522093b4f8a49f32781fc29a32d87582013c672a39ef52eead84821a4320252325383fd4d46f7ab73c9f13c54798f64faa451ebd343a9131ace5fdd15f4417275ce3846c1b3f6985719c77e69a1aea626eba96748402125c3dc73c714e3d25317a7d135c4b2642d0c9573d93d877fcd31e748f1df71cc1f39cf3deb30f3960f940fb8965c45d6cc2846c231cd02d83dce6b6ad70ac938eff005aaa97d8d427301be08f4f7aca51b6b38c8c50191c11da9a9c9943894920f3595118ad32907d335b01b8f14b0da1a9e983c0c8a15b86d44f6c7d4d0a529d0ee7a7a05fe282d4ab6b5d3cb52aeb3ee29704c92e7cf3fe22c905090780001c9c000550e6edbc657c9f6ab53f189d4a63acfd6694886e87ed9656c5b223a8e52bda72e287dd64ff000a8c2c7d2855d9c037ab27d00aac796f334e3dac09d010636525674645f62d3dfe6f3d2ce0e09e054cba77a28dc965b502a3bbd853c34d74264db1c0fb4d15acf00aaa76d1fa3dd8509b4b8c8247d2b2af37faa47bc6b23b5f3bdb43604ac979f86cb84905515055c6466a3fbff4d6f1a2c972430a2d0eeaf6af4076b5117b168008a61754a2daa769b9e99084840655b9c3e9c77fc503f1dfabb31ae5aac1b530c2e3285eda303476a7d0f6ff008676d57cb13d7d9cabd38d3b19a192d82d029776f752491b491fa4919ef510d97a8ba674aea666f5a6a2ccd3efb4e79e2a94548573c8e79153d7c0de9b775274d3a8525d776a55262db618ed8e14e39f7cf933f6a50d6ff0c97fbaca2db92a3b8cad584ac4648707dd5ebf9addbc7e4ae2d66b71ee1ac6c36b14329d6a4ebd19ea02ba9fa359be5bd4a2caf7b4a2bc7fa893850a8d7aafa8f52b1741123ea95593cd9052f846ec7b93e9568fa27d1ab774b7a536db0436b7161b5296b29c6f5abcca57e49aaa3f121f0d579d712e55cd2eba9054406107000cfb1ab963a27c22c6e8cf1b0bb94137d2d33aa10fe5de8dad615fdaee5297d25647d39c9ab09a0fac5a820466606a4b4482ca80489cd0ddb0ff00baa8a68be84ccb72dc896bbfcf85292e6d2ccb8ea7367bed22ad4f4734a755745294ddce67fc5b63770109951fc179be7dfd47fda8ee31aacaf9310608caad91b446a5a2b4cb44ad8e2485a48e08f5a657587a5568d6ba56e1ff002c8626865450f21202b38ec7e94f4d38c2fe590a5472c950c940ec28fdd992986e85278293914a4b4d570643a816e4570430dcf1f6f51c26e08b78614a96db8a69694a7b004827152474a3e0e2f7d5470ccbdcf3a52cab4e5a75d8de34b939edb5a253848f73560b40f44a1da35bdf2fd3630f01890a534975b077ad4ace73ec33536694bd429bab1eb6dc202a3be84e62c8dfe5751d8823f75431f6c1156ccff22457c2a3fee08c0c0e6e4b8f5280fc417c1d9e89e82b9ea3b56a656a3b4171b8f27c687f2d220e4f05c4852814938c287bd53b796394039c1ef5ec675f9fb2dbb46f529ebd6d1653647632c2f94a9d27f66067f7b76315e3a3c06e57deb37cc66b5b939d99696a569035381207ad740afd9edad0e2b769c08ce466848e8c6a6b829c122b6294b8144641f635aa9c52fbe714120938149fbcf4d4360006ba16ff0067bf3f8aebf2e9cf738f6ae8a40c6dee3e95dd456a738e46d23d6856ae34460a3b0f6a15edcf4b3562e9d3ab964b6d6edaac92066a4ed3b6f6ad4f33b929041e78ef5df47ea086e404a9053b9c1951fbd6f3bc291710c4756e513c906be60ccccbf26c64b7ad4ae5d8df48b37b9376928b0ae31c1384e47734e75db998c8f29181ed515db2e2ee9d809f2a96123935acfea8b48630977040c9e6b3ab302fb6d3f19244b0d7935a20e5d18f2ba5b932e470919a8efa81a19db9596e114a8a03ed2938f4c11cd104758db33837e20d99ce49ed44b58f59a2376d7dc42cb8e849da91d89a3787859d45c8557ee22d6faacd9dc96be1c74446e9cfc3a58e4390ddb649953a5bd21b9030a592a094ab9f42948c52fe85d5bffc87add4cc771a4d96d7203121c072b7641485047b0013c9fa9a85a16bdb9cff0085a94b6a6489132cd35d0bf195bd694b8df88848f5c0c102a1bf875ea77523a6bd3f97aaa25b5ed4ba31eb9093778d1df478ac3b8090e8c9252be7b1182057d51e22a19742bbfbfbff00987e8cdf8ebe1adee7af534322d891191956dc2768edc543da97553f62bfc7b5dfe30621ce5144692bc6d5affe93edff008aaf36ff00f129b2c68a843560d42fbc900782fdb48524fd4a54463eb9ada7fc5242eb82633172b0dc2df1c0529b71e6084b64a7b957a1ed8fad68cb8363d4401d41b5582ab7ebf465aed2fa62d430f36c365c1d88039cd3bc342235850484ff002aad7d0eeaf2243eab04d9895cf87e54a9470b71bf451fee6ac1b97244b8dc90ac738a8f550d5a849ecde45fdec4526e6c74e509237019e4734ded49790d4570fa60e3d2b80b810e1c6d511dd47b81ed51b752351051532952825000594fae68b63e36dc1301dcdc4459b2b5fe65a72e29f09727e614b490d8cabb6323ed425693996c9d619931f6e6488e93e1476127c67091801c3d824772693ba75a8a129c72db20a59650cb6a4baa5630b24eec9fe1f9a8f7e2dfe2df4df46f464bb3e98b946b96b89a9f09a6995870434f62e2c8e011e83de9acdbb8315dc918cfc0069513fc407ae722ff00ab57d3cb64affe9767703972536789333be0fb84038fbe7daa9f05789dc1c9a397079eb84e912643aa7a43ee171d71c5654b5139249f524d17292c1ce41aac5b612772458c5ceccd16929c6462b09c679aec4f889ca864560b215da983d8e51adefa130a216426bb219da720738f6aca1b094f1deb55c8285800f1492419d035d99d92d8dbcf7ac278560f6ad7c62b524019aec5191923934d96d4eee7329c720d0ac90411c794d0a472315a32e4f4dba7d735db5285a5494e3851ce6979fb6bba6a7f88ea4920f2af6a9ab46ae0aad6879a7995b05030bc8c546bd54d6ba6ede97d976e9083e723c34b814afe0335f2ad1919de4b35aa4a58efad00673231916bdee1497ab52ab7052145448e41a8cef05d96f3ae78853939da0d214bea6c06da2889164cac7193fb3493f9e69bb70ea15d5ff3476188408ee8056bfe27b56a7e23f427947607e2e20fdccaddbbb0f662d48b5299fdb38f064772a755b47f3a40bdeb1816288b7196517375272a4b8a21bc7d71c9a6d3d799321f713256a7b77254b2547f34cbd6b294db41292761e07a135abe37e8daf197e4c8fab5ff0051dc7501b44cb15d1feb13778912ed4a8f0a359ae484479096d909df24a49480a2492123239f7a37d02e9341b8f5eacf06e2e1876092fbf6f92a43fe1a14a2d2cb2951271e65848c1c839c7ad56087356d68b69a88a5352595fccef47ea4a81e0f1daac8685bb46d57a3add739aa5a589ea4b538b7c6169c02af7c83839ee3d2a6bd030b5f12e8196ff1e83218d6dd7e25f9b1fc19c4b05cae4bb4c94c249fda35fef2a2496c23f700ec393da96a7740f51dae14a6234ab64863625452eb646fe718eddc7273487a0ae0ecbb3a5993d45bdb51df608534f490fb6e2766309708de8e33d8e73eb4a5aeecd6b996672cf6bbb5ca72673623cc71a90e61e640f29dea27cc93db8a3f8b6dc75c5bdff139935daa783ca5fd75f9be93f556ca88f20b5a8edd30bd886e25d6a4325cd8e05e3cc9f5002bdaaecd9f57f81698eeb8b5043a8180793cd576bdf412c3a32c8e45b5c5529f79df19f9125c2ebcf28ab395b8ae49ee69e116f0f325865e5a8b296f0907be28ca8f91f89916d1c2a0c4f726c6b5234e452b0a1b877fe150ff0053b521643cda5d480139273939f6a4bb96b88f6b694db923c2c91c2ea3983755751b59a186dc1f2b14f88fee51c2803db1f53fd28e62e2eb6c7d4aae6e501f48f66313e2e7ad1274ce81b3e8d88db91ee9a824b3365c842f0a6a2b392da00ee0a9c5024fb200aa72e976438a716b2b5679528e4a8fb93ea6a67f8ae9a752f5ee46c388b6280db4558c8dc413b7e992a14cbd3fd31bc6afd34aba5990dccf09cf0df8e857ed50719076fa83557f23e3ac726dad4f67d492992aa8bc8c60bcd143bdf35ba12a58393cfa52bbda7264479c664b2e30eb670a4b89208a2e212594a94a3e9ef54bb79ab71224e4bc1f4610582a4e36915d1a638254aa371db0b272056f21294a0f0011e829009f462f993dc224ab7e2baa584e3cd827ed5a27ce7762b7482b3c5367a316adf99b0421073815bb8e6e4fe315d7e456a681dbc1ae0119500784d73bf51c07732ca77e067142ba21210b001fcd0a56a4aef4258462c4ea2029b321f521d4e768714139f42466b9af46c14a164a0077bee1ebf4a9127c46635bcbc86d2703b0fdea4484a33e678212371e71f4ede95b451e3aa43b4503fd6a67d6673ebdc65274d6e4ed5231918f28c1efefeb46c6912f250dec01e38c7aff00e8a905ed388f10254d2414824f27bd2fd9b4eb5b52e29b38ee918e0e28dae1a11a304d99ac243d274844b3b486de4975f7d240fa7d3e82a36d63a7db9085b2eb5e12d190318e2a6dd5c848d5ee200384a09c54797211dc9cbf1b2bc9206e19aee7d0ab8df1a89230321cbf263211b3494dbee8b8b2bfd1582d927805278a9ebe186ccedf74c6add3a891955bdd1223e7d42f81fd33f9a867a83605dba6a64212369e77247a7bd3a3a3dd4d5f4cb540bb8429706e11fe5e40cfa82306b28cec67d1451d8ec4d23c7e42875727a32c8689b8eafb15d59b7bb6f794d34a002db70a5247e78ab8da1eeab62cbbe43096642d3fa01dea3f9a87ba63d7fd1f70b633e33e871c59da52e01907db9a785c3af3a6ad0a5bdf30ca494a8a5b2a1e5007ad2f112c750197b8733322ae3be5b11e53eda99aca9c754012acaf75479abae56fb403212a4a4b69c654719a8b7a81f15306e4d262da65b88654adce3bc0f3019c0fa7a66a2499afef5d40510dbdf2d6f4a3f6925d500940f5209ab7e361b74ce651b3337902a83a8a9aa3564bd677eff2eb7a56b7d4e60b80e528fbd496ccdb1f43f4499321465dea56121a428171f73d123e9ee7d07355dae3d63b46816971ed0ea6e32d7de4233dfd79c724d16625cdd4ceff00995d5e5c89af23239f2b08233b53fdcfad5bb0f1c65b8a53fb476653f21dea06db06846d6b87557199327c8792ecf9ef2a4ca7120e14e13c247d120003ff0034e2f852b9498dafe7c56121c69f8e4ac1c91e52307f9d21eb62cb3090840054107181e9531fc1774ba4cb62e5a99e21861f518cca88f3a929fd447b0c9033ee2a6e7d094dca1474227e7f970db97b3d491750693b66af79f837380d29d23858461601fa8ef5027513e19a7da1c724595f54985dc2160ee1f9ab8972b22a348085282013fb3742704ffb6baa6cea723a9680a521470e20ab9fe140737c6e1e6aedd3b3f710662e6e4e33690eff00ccf362e1629963754d4a616d2c71e64e3348af385476fad7a0fad7a490352c6594476b91e76963393f4f6aad3d42f879956e754fdb10509efe03873fc0d6799dfa6efc73cf1feb5ffecba62795aed3fd41a3211424041c9fe7596541b7524f6a3375b14eb53e5996c29858e30a1de899491c7ad53eda994e98772c0841d11ea2baa7256d632322937c405781ea6b9296a427efc5778f1c94ef26a391c4752585d430db416066856cc9f2057a66854525a48040f72d389529db3053dc2d20a1436f29503823f91ace9d57ca4a12543f6638cafb7da9c772869b9c8b84c80e05c6b9b689ac8ee5048dae2718ff00a803ff00e54d4d7285e9ab342c6e384e54a0ae0fdebea1aeb5e3b98bb5bc9f80f6649f6a82ddd1b49479d255b8ff00b47f1a59901318b4c24a94776304520f45a5aaeda7952b7852d58093838028dea499f23754364e32ac6547b9a71136640b2c20f1918eb78acc4d74c9919f09ec8073c67ff4d46bae9a119f715e192ea4f9542a67eb35a8b10625cdbc2d49216309a8ff005cc26ef9a6113db484bde182494fe91814acaaf953cc42183769d63084346a9b2ada5a495949c04f39c1ef512deedaf69cf9980f1c32e799a2ae7906a42d19a85169b818f254a2dee28c6706943a97a4917cb03b3e0a0b85a1bb2064a7ef59ee5d3f20247b12f545e6a6087d190d357f9b6d8c87e1ca790d6e09750a57e93ee3fb5198dab2e97279417294e10729f18e491f6cf7a40b74b0cc8517121d65636b8d9fde1ebf9a564d98db6e0d37b839165a37c6773c287a64fb8ec47bd04c6672468c2ce41ea3a6c97461d96876e656b095648270922b3acf5fbf7e744261663da58e10c20e028fbabde994f485a9979b715b24b270538ee28dd96109d0d4ebc49e7033eb461721ec715ac88d5aef991095ca42940720606401ef52e74e35cbb78b57cb3ca0654748483d8a923804fdaa23bcb0cb2080bc8032052874d2f89b66a1425d4ef6e47ecce7d0fa53fe3fc95981e43df4dd190f371532b188d763b92d2ecf3b58dd444820a87ef38b3e46c7a927d3edeb57b3a15a75ad3ba26db0a30fd9b31d082ac7eb38e55f924d56a8d2225861b29d886b7804a5381dc7b55c1e9f5bdb87a52de86c8c1652a047a82055fb3d89ac58deda5005cd758b58e9562fcbb2c7bb5b9c61c40e065b50e0a4fbd35e5c67ad91d5e2e486c77cf0ba7719de021591809f5a6a6a671fb9a52d3295170ab0703b0a015722747d49d6050398f739c16c5d0a56c10942864a547047da85df46b370084bcda1d491c951edf5a5fd3ba7576e8695286777734b2a8885b6524653496b347a31c4fedfac4ad1affa2912e485621e5a50242549ce2a09bd7c3db695baeb2971a6d04021b1bbf955f6b84065d0b4e41091de9933accc12b1b12e03fcea35de3f1b397fa89dfe751dab36cc56fa1ba9412f7d19bcc50e2e1b626211fba9f2afff00d4f7fc531d30e57ce1841a70c8ddb3c1da77e7db15e925c341dbdab13f34b690a400770ec939ec07e6aa075e912b4feb690d46288ca77721d90848438b071b772bd318e31f9cd5332bf4d167d50dd0f7b96bc6f26582ad9ecc8ced96d8314291779ca6027f53515bf15e4fbe46401f93429065ab70528a4841ca8a4249c1ecae4fe0d0a63fe3f8e3a62770b2e4923d4b5dd1b9f758566b5a6e4df84d313be516a70774bc368e7db7049a55ebfb0db1a5a4157faad24f1da97a459e75bb49dd9a7d492e36d78ed291c282d077a41fca45327e206f8c5db46096875643ad36f240ec4a9009079fad6cccbc5763ec0cc7eb63765ab6bef1cbf0c5314ef4f50a5abc45a1c584851e7bfa528f52d61bb9c750c84ac8fd4718f7a4df85d652cf4d6379b72d6bce4f71cfde8f753dc42ee4c21630010720f031ff00bda914b7150d1377d596ebf6dc59b9c01a8743961c515ad28e31ce48a8b2d705c31e45addca09052938e31ed539e8169897694b2e2b785823053ce3d3bd37ae7a605b2f2bd89e5cc9cd4aaac565643212b36339d9e8ca71d41b03ba7ef6e2766083b920f240cd3aba53ae23b33176db8252a892505b5059c91918cd4a1d6ed04265a4c86d9ca8232924f3559e5457adc52e65485248e40c73e954dcba0d6e77e8cd130ee5cca07e4465dfec4ab3dc95b4ef65c2a28731c77ec7eb47a3b4e8b3951e50c2fc76d079f3719c7df1cfda8dc99ce871e65c0992d38a2b287076279e3dab82a795a0b7e184b238091402bc515da5c1f70e1662a019c753436977266e1115ff2f2d216524e4a78e41344572cc76032c821207a51d856d5a99f096a3b1249427d3f3589915082ae719edc52eca1d41b475b8a56074bee36e53ee38e1dc427d79f5a37a51b2f6a28294f7f152afe1597e3254bc678c7b52ff4ded1f317c5bc4795a6c9ce3d49c0341b0a86c8cead4fe4476f715d4cc7f1279d2adbb70be31e2a94b692413939f6af44b4fc3662d960259404a0308c1c7fb45502d2911db7c14ca28e5c3fa8fa0af44b4c341dd376a5e53b4c568f6c1fd22b54f3367108bf61339a473b58ff0010aaed61f6fca31fdebac7b0b4d04a80e7b93f5a70371d281e552464e40ae4f84a1b273c8fc555be7627424d3c54426a79a8ed842bd38029b3a9b5226d6c790027b820ff002ad2f972290e212ac104e55f4a8e750dc14f292d95e520e4ff006a358585f23066955cff0022ca0aa47346bc3923c475470179cd273cbdf250a0ae720020d27429a047c28ed1dc71c5778ee85bc024823bf1c519f84213a1012653b681317ee51022cf12215a97f3f31a6d284f7091e7573f64d538f89bb726e9a8a6dc55969487083b1209dbebdfd78ab637cbbb70e62e5bae8447b5c2511e6ffeeb831fc920ff001aa4bd5cd7e8d4971950e37fa049ca8f2567d4d318b8e5c3bb4b9e2643bda82bf42441399d8c051f17380a52ca08ee3ca339239efe9428e385086db7c043416b53a93b56d1da8e0608c8e4fb03c8342abf7d439912f75da78f52fc48b8b572b039298297233ec9cad273c11daaaf754eee474da0324952db258ce79ca094ff004a91ba5a89fa3ec572b5cc985fb7a9b0eb097079db38e467d45577d79a88dd253d0c8ca44d510807b6e23d2acd9570ab18923dca2f8dc73fbb60a76abdcb71f0ed14db7a696f4ad27051927efcd27f5016655c92329584af8fa9a55e9acb45b747438c84048434904eee7f4d36b51a95266a423f5255b8024d347e941bfe244d73bd9ff24c91fa5f255b996d4e729ffa871cfe69e3acadf95372109071dcfad46ba1e62913986bb158cf6f6a995f886e3682b50051b7236f069b57f8ec04fa8c6555cab3a1dc8defd646ef3647370c90938c0ce45568d59d390a54a2d23248252907f855c06636ccb671b41e314c0d53a6c317175686c78055bd4823b67da959550b4c5f8cca6a35dca117a80ec090b4a9272d9209344195a1c0559c54edd58d0886ee2fbccb6a534e13948fdd1500a9a5c194e36ace50adbdbb1aab3a9a5f4669745c2fac1114db96961284ad394e3db345e6290a6ca91ebef5bc77d00e57823d81ed426042db514a4e3d326937f759124a280dd46ec8ca1c3e62723f854abd08b01baa66be539421c4a14a233f5c7f3a89ee04b7b882327b7bd4bdd09d482c3064a5e1843ce1383f60285783ff00d86ff1b8c7930c71582fb9364d64a5f6d86d2509da10367a0af41ec3143360b7b44fe98cd8e7b70915422d3748d71b8c4f05483bdc4000f39248ff00bd5fd7ddf948e96890128484e47daad9e598bfc6bfe651718f12e4ccbb2923681818e09f7a43bcdd034dab0724f34254f4f278dbed9e699b70b8fccbea4e7b67d3b543c6c5e4db8333b3022e87b30b5d26a9e4ba5678f7cf39a61dc5f0f494e79401b4ff00fca76cf052c957eef6c8a65caf349dca19c1c8c8ab961a01bd4a55eecc7b8a6da825a090afb134620484b0e296e8cb491b89ed814459746d4e08fb7b57198bf11a6e2a9580f9f363d109e4ff00da9f65d82226b277b8cfea4c99d75888b4c574b2a96b54898b4f7c1e129fc26ab2f59ed4c582640119084a71e02d641e33d8fdfbd5afbea9888a76406c175ceea3c9ed554faf6e096c9d99dedaf7000f391eb4f58a1315b8fdbb96af07735996abbea306733e0475ad0adcca8965b582a194a79271df1f42285192e2a6e978af25bca528119a0970a8859f32d5c107f0411cd0aaade9cd837e409a657d0d19635ebba5bd31257213e1ac23b9e36f1ef5555994a9bacb683c17c2f03f7beb56375ddf5b54262cd6e0b9d35d48484b69ca88f527e955a2debf0759497b68496dc236a55900838fed5cf36e2b14d7fcc11e1aa3c6d7235b973b4bdddb4d99940771b5013b40c1cfd68b073e7268da4f27b67b0f7a8f34aeb22b8e965c29ec0ee1ea7dbb53e74fb9e2481b920803728e338cfe3d294d68b0747a83db1cd4c76239a0c8f907dac28a86309c0e6a74d0d78373801a5a94aca71e539c8fb540724005b000491c8293ebedde9fdd32d44199adb4bdc938e09cf6e7b57586d242b3f1f99214fb7ad99842507c3fa0ed44f50d98bece0615bc0f31c93f518a7f36d3135943aa0771e682ad6db839015e5c02699fdd7adfda334e168b68fb9557a83a730ea5251b8761b9278aa8fd56b0a6c9ab5e4b6821990da1d0a50ee7185e3f22bd12ea46950eb0e2db6f0a4e31fdea9afc4869230e05aae88dde22642e1af29c2424a42c7a7073ba917aada9c87b960f1f61a6e151fbc81949086d5ce71822b753e568ee4647af6ad54d16da56e3c9a2a5f0929dfe518aad6431af7b9714ef513aee90140a7db18069e9a41c446b3b078deacab9e7d698f3b2fb807a1f6a724290b663b4d24e3624018a85e21b864b3cee48e48049e7a3972375ea3698b60c2d9767b3e3003f7124297f8c24d7a1ee6a84be82414abd480aec3d2bcfcf854d3c245ee6ea594a29662031a3e3d5d50ca8fd827fad5b2b75df23685009e0631dab456c6194a2c3328f2f9471b20d357fb8f5b85c54b6169040e73c77a6e89014e296a590738fa9a0ecb53ad6ceeaf7f7a4af156956eed8278a914d014112997dcce4723159f96879183c8fa7ad37a5c7009ddc67919f6a3c24b655ce464536f5c6aa8fa72d65e70fed15e56d23b9353a942a78ac6941b0e87b9d20cc43b35d6b2a3e1e2b83774438f4a965796d07c16d5ee91fa8fe4ff4a8c11d422e171a6143e7e610d34011e51eaa3f6cd4996e61989668cd8de52848485fa918ee6a7ba053dc94d4352bc9bef116f931cb9b2f250149001c03dcfd6ab77556148325b6a3ef4c978a9b042802411cf3db0466ac2ea695f2ca2a0ada800e79fd555bbab5788f3e5478ca5065c2ea54179e0738c1f5c60e6b9924263b6fef0ff82a9bf72ac23234e15bda6a5adc6c9623abc06b2d9294b8bf5dc9208200246723e94288788ddbaf32a3e52ec54be52970856d58076e4639c739ed42a9f53232fd47b135175607607b960a3d825d9ec6f3cc28373e537e79cf1c6c47395fbf23803d6ab25bd496ee32d79dc9dfb538f519a14287f9c24b547fcc81e1d8b2d84ff11eda72e6a4dc5a48504b58c7a706a6cd237608096d47be09215fbb4285338cc4892b351751fd39f022a71852559c29471e5c7f7a2da72e4b8f796d41cca124763c77a1428ca76255980f72cc68ebe26e709ac3a5c50ef923914f064e12091e5f406850a1f7000f51ca4ee256a2b6373987109279f50318aaf3f10bd3972edd25d4c96da4ef86133c7b9f0ce55f9db9a142b9531d6a4a083e557fbca12fc62c2ca1673904671de9b725dd8e804f7c8edda850a01e64715ea5c31896f738ed52de1c76ef4bf6b8afdc25c78cc20b8f3ca4b686ff00ea513802850a1fe29435a14fdcc77218a29225dbe9e6951a434fc1b5b209532d82f287efb84656afe3fd29f71e6258c2544641c9c9e6850ad96b501428f530acb25ed676f6638e14f053b8720f706b32948d830003ea7de850a6ca80fd40b67da116c94e0fea19e067b5419d7abca85c233485f95941567246d3ff007a142a655d723fc427e2ab57ca50d23be9bcf5cdd4026b8904a7cad8ee768ee45598b6a972adad655b78f4ef4285375b1600985fce284700463ea9b6baf21e29dc31901479c73556fab49719b9b4a739712e609ce09c50a14c7973ff00864c23fa718fcda846f91023e5df6810d32db6d05a9b032b2379cadb183eb8c92703e942850aa593c4f53425248ee7ffd9),
('1055', 'A003', 'Mayur', 'mayurls@gmail.com', 8861103654, 0xffd8ffe000104a46494600010100000100010000ffdb0043000302020302020303030304030304050805050404050a070706080c0a0c0c0b0a0b0b0d0e12100d0e110e0b0b1016101113141515150c0f171816141812141514ffdb00430103040405040509050509140d0b0d1414141414141414141414141414141414141414141414141414141414141414141414141414141414141414141414141414ffc000110800c800c803011100021101031101ffc4001d000100010501010100000000000000000000050304060708010209ffc40040100001030302030504080502070101000001000203040511061207213113154151610822547114183281919394d223425262a172b1095382c1d1e1f02433ffc4001c0101000105010100000000000000000000000102040506070308ffc4003411000201030106050303030501000000000001020304112105123141519113141652e12261710681a132b1d1152333c1f042ffda000c03010002110311003f00fcc24010040100401004010040100401004010040100401004010040100401004010040100401004010040100401004010040100401004010040100401004010040100401004010040100407ac63a4761a327d101234f6c8cb876926e3fd2d38ff002a9c95e0908a1a091e22753c311f390b87fdd324e119c597466999eda1f5f1b5ce7024494f50e0e8fe63c4222e1538389825db4c3682691d1543678371d9b0e4e14e4b671c112fa223a380ff005152525b9696f5420f1004010040100401004010040100401004010040101eb585c09f01e280ad0540880634005dd492a192892a57b439bb248f713fce09c282b4663a7aaa0904d0570ed18e667606838f5070a87a173049e849996d96e8f0d7c9042e382ec07348f31cb904c95e231d196d7e9ecf6f64533638ea5cff00784d1fd870f238e9f72ab393ca4a31fb9835ea7a4adcc90c71c0e07ecc4791f9aa91e12c3e041365ecdc410300f30549e67db8b1fef47f64ff002e798407880200802008020080203b57ea81a07e22effaa6fec5d4bd3365d65dfe0e49ea9bfe91ecff00c8fa9fe81f88bbfea9bfb13d3365d65dfe07aa6ffa47b7c8faa0681f88bbfea9bfb13d3365d65dd7f81ea9bfe91edf23ea7fa07e22effaa6fec4f4cd975977f81ea9bfe91edf23ea7fa07e22effaa6fec4f4cd975977f81eaabfe91edf23ea81a07e22effaa6fec4f4cd975977f81ea9bfe91edf23ea81a07e22effaa6fec4f4cd975977f81ea9bfe91edf25bdc3d9378776ca1a8aca8abbb47053c6e96471aa6e035a324fd8f4544ff4e5853839c9cb0b5e3f07a53fd4db46acd422a397a707fe4e3faf9293e9751f456bd949da38c2d90ee70667ddc9f1385cca7bbbcf778723aac37b756ff1e646bc92e25a491e6550547b1c858edceed1c7fb109329b3dfe2306c3ee54c7cd9248324fa11e23fcaa5a3d54ba16173d4f53585d14af7b1b9c8c9c807d131825d472229f3d4c8c6b04add8e3d370527936cb59642d7609c907ed055149e7686421a0673cb280bd8c4145231b2132b323b40d38279f40a5613d4879c6874bf0bf847c23e2a50eeb7565e69ee11b774f413d4b0491fa8f730e6fa85bcecfd9bb2b6847fdb9494b9acacff00639fed1da9b5f66cbfdc8c5c5f0693c7f7e2677f540d03f1177fd537f62cc7a66cbacbbfc185f54dff0048f6f91f53fd03f1177fd537f627a66cbacbbfc0f555ff0048f6f91f53fd03f1177fd537f627a66cbacbbfc0f555ff0048f6f91f540d03f1177fd537f627a66cbacbbfc0f54dff0048f6f91f53fd03f1177fd537f627a66cbacbbfc0f54dff0048f6f91f53fd03f1177fd537f627a66cbacbbfc0f54dff0048f6f91f53fd03f1177fd537f627a66cbacbbfc0f54dff0048f6f936877afaadb8d4303bd7d4a0c0ef5fee4181debea83079debea5060f7bd7d506077afaa0c1a9fda6b54555070baa21a594c62b27653ca41e66339247df80b56fd475674ac5a8ff00f4d27f836bfd3342156fd4a6bfa536bf2718d43c08f0df1f12b939d7cb401cf761a0b89f3520ad1d3cf24858d1b88e671d028e04a4de8890a0b1d6d53b7470970f3c2b79d68c74c97b4ed6735948be3a6a7ced7425ae27c095e5e611efe4a5cd14aeb64fa0401c7193e8bd69d4df65bd6a1e122d61d3724d089df51146d39c349e670ae0b3c14e2b43a30257ca18c3f67cc8f30a4828c0e8c54173dad706104a036a701efd05978856fb8b643140641484742e6b816e4fa670b33b1ebf817d4e59d1bc77d0c36dab7f336156296a9657eda9da5debea5767386e0f3bd7d509c0ef5fee4183def5fee4181debea83079debea8307bdebea83061bdedea87a60f3bd8f9a0c0ef63e6a46077b1f350303bdbfb906077b1f34181dedea83060bc6ab4d56b0d05574746cedaae27b678e3f176dea07ae09581db7693bbb39429acc961afd8d83615dc2cef54ea3c45a6bb9c89252cf1ba48e589f1be2387b1e082d3ea171e945c5eec9619d9232525bd17947d52c2c9650d738919f05e727847b5349bd4d9761d3b0cd69324717671346e231cde7cc9588ab59ef60d9685aadcde48f68f5c8b348d02c14f5b1b791129703f700547978cf57227ceca9691a699b3b45eb8e1dea2aaa58af96ba9b1cf23b6970c981a4f439c670ad2ad9d6826e9cb2646df69dbcda8d5861ff0005ef1cb80b535d6175f34f320b850805cd7d23b7173478f256b677be0d4f0eae85eed3d9aaea8f89438a396696ba5b75737b766fecddce2907238f0216de9a6b28e72d38bc325a5a8a6addd21e44b4b831bc80e7d1494946b6c4217c3242776f6e767979a924bed2f50ea0b840f8f26589c32d07007bdcff00d9574e5bb352e8cf39ade838f5476947772e8d8eddd402bbdad5267cfad61b47df7b7aa923079dec7cd06077b7f720c0ef63fd4a46077b1fea50303bd8f9a91830fef22a0f5c0ef328303bc8a0c0ef228303bcca0c0ef328303bcca0c1e3eba47c2f2c76d23033e5956d5a72caa707872fe12e2cbaa14e2d4aacd6631e5d5be08c5353e8db65d2966bad7d68a0a384015336ddf2cae3f640f33e03e6b997eaa4adab528d3599493cb6f57f93aafe915e6adeb54ab2dd8c1ad12e1a72307b2e82a1d4337ff86dd534a24127d0e6313bf8ee63492c7640193b4f4e856953536b12e26eb4e5494b7a0b437968de11bae7c1d9f50b2dd54c86361db29db823960eddd9c73f25abcaa3957dc4cdfa94231b7dedd78c1a1357be3b11922821697b0ed3211cdc567a9c32d2352b89ee26f067fc1ed2f05fb4cd45faf5553c1451ca69c4c231342c940c81260e580e7ed608f3c2aae69d484734cf2b2ad4aa4b76af3ec6d8b5dfee1a16b6869adb67378b6dd69c3a5a7a69406c643dcc24077239dbbb00f8ad72e69d3ad05394b759b95a55ad424e9c61bc973cf26680e3c707a5a2bed65c686924a763c991f048cd8ef3e43c7ee591d9f7988a84d986dafb377e4eb515fb1a1fb47c44f3c6392d90d1c90a7bac8f6301392d1839f11e4a4121a729e4b9dda8e2672324ac60c7fa87fed5c5bd375ab429ae6d22dee2a2a346751f24d9d58db8ed6803a0185de12c2c1c1deaf27bde4508c0ef228303bc8a0c0ef33e7fe506077914181de65060c57bf697e2a1fcc6ab7f3147debba2efc0abec7d98efda5f8a87f31a9e628fbd774478157d8fb31dfb4bf150fe6353cc51f7aee878157d8fb31dfb4bf150fe6353cc51f7aee89f02afb1f663bf697e2a1fcc6a798a3ef5dd0f02afb1f663bf697e2a1fcc6a798a3ef5dd0f02afb1f663bf697e2a1fcc6a798a3ef5dd0f02afb1f665e4774a5a9b3d5edab8c3e37b1ce2c9403b0e467af9edfc42b1ad3a13ad1729ae0d71e1c0c850f31468cd422f8ace9c56bcb9994680e18cfc5cd337aa664acac869e685cd2c7609700e382472f25ccbf585d7855a82de52d1ebcf8ae2753fd156aab50b86e0e29b8e9cb9f032fd3fc20d61a52382825ec23b65343345476f89e651f499dae8da493cc905e5e7c835684af3793a93d707437b3d4314e9e167ff0033b66e9c20834afb3ac36ea4a767d2ad74d048368cb9c222d2fe5e3901cb16a928d3759f1339e69cabab78bfa7183983557b2254ebbd06eb9324a482be2ae9a4a614f006b5d013919cfda3cc9cf9602aa9dc4a0b3d342bab6d4eb3dd7cf55a7f0386bec9daf22b71b6d05ead305aa424cb132946e39eb96918cfaaabcc4aaeb16f3f93c636b4ed962697636fdafd9669ec525ae563a56535be9fb001ce0e6cae2f73dce031c865c40f40ac2e95471517c8c859d6a69c9c79bfe1685f6b0e1a5a2ed62a8a3ad82098b9a411280e1d3d56094e54de53d4cde2335892d0fc85e2c6903a4b8857cb4451e6286adec8c37fa73c974eb3abe35084df3471dda143c0ba9d34b999370ffd967885aee88dce1b6c163b3819172bf55328607f90697f3713e80aa6a5fdbd278722e686c6bdb85bd0869f72e74f681b870fb5ccd41a8990534f43176b0b9933648a5df90d7c720387b719e60adcff004b3a1755fccef2dd8ad3f268bfab295d5852f293835293d74e5c7f9360f7ed2fc543f98d5d57cc51f7aee8e4fe055f63ecc77ed2fc543f98d4f3147debba1e055f63ecc77ed2fc543f98d4f3147debba1e055f63ecc77ed2fc543f98d4f3147debba27c0abec7d98efda5f8a87f31a9e628fbd774478157d8fb31dfb4bf150fe6353cc51f7aee878157d8fb31dfb4bf150fe6353cc51f7aee89f02afb1f66733617073bb0c20184030806100c2018405c50d6c96f9fb58b69c82d735c32d7b4f5691e20a03f407fe1d9340dd09a85d454cc63ea2e8192472ca4edc44dc6df77a73f13f7ad73694e9c6ac54d3e06d9b26337464e2d713abeaaa6cfa5af74971be55c30454ee32471e3197639ed6f327a64939e8b0eea6b9e4b91b1d2a4df0d5be665d45ed39c3ad54d868ea753525b6031189cca8706673c8f555aba8d5c42a2714bec55fe9b56df33a78949bcf1306b0ea5834f5e1f61a4bad35cad9cdf4752df7e37c64f21c8f2f92b2f1634deea7bd1e4cca4eda735e263764f8a325adbdbad11c933aa18d69e661a66966efbc927f0c2f295d4619f0d6a446d9cd2f11e4b19f8d0faaa67c44766d0dc007910ad6773566b0cf6859d283de48d65a9f58d55539cf6971690704787c95b4639e25f70348705bd9fa1e276abd51a82b1b154dcd9296d23aa802ded39904ff0085b1cee271a30a14de0d769db52f313b9aab2cc534fd4dd38ebabee7a7afd72968aaecc24a4a4a523753b9cd241c107a92319c7456d562ad527c73cccb5b547752934b1bba63fece77e3e59ebac374b55057ee0f8229191b1c7906eece47a6495b16c769c26e3c1b351fd5c9f8b4779eaa2d7ed9d0d5585b09a08c20184030806100c2018407a80200802008020080203b37fe1e1a8e4a4a8d4b6c0ef77b682a00f98734ff00b05ac6d98e1c268db361cb31a907f63a13da234fda759c56da9b8473cd556d91d353f61239a738e871d47a2c5d09b8e5f53639c77928ae5a9cdfa63d90754f182b0d6c91b68adef71309a8dc0b5b9e5eef557d0bb8d3fa61c4b6ad633aefc4adc391d91c3ff66583865a0e0a36dd1f72bac787ba77388c11fca078058eaf05513923354ae31bb0e29752f65b35d6a26c6492de4e0e2b0328b4f532b1926889bbe9fab6c1f49929ff00847c072fc5539e654593ac52c96ba8716e1c58768fb95517a94c9e860fc28bcd6e9c926b43251452cf3c92cf5a4178a6693b1923c0f0071cd5ed65bed34f4479508f1ca36adaf823a4f4457516a4ec5b5f7431cbda57d231fd94ae20b8cd29386b034124b957253ab1514f78aa156307278ddeb9c70ffb3f2cfda03886389bc58bf5e607eeb709cd3d081d040cf75847fab1bbfea5bf595bab5a11a7cf9fe4e47b52f5df5d4eb37a705f846bb57c62420080200802008020080200802008020080e9bf60dbac545c43be533de1b24f42d91809ebb2419ff0e583dad0dea717f7361d8d2c559c7aa373f13357eaad4371afa5a2aea7b0dba377f0247b4ba4a939e7970e6d03c161a8c69eeef499bfd951556786d27f735ddb6bb54e9dbaf79d7ebaaeb74d39cf636bdd2c8ef2fb64342adc684b4ddcff000675da54a69cea554974e26cfd2fc6ae2658aeb1575debcde34c3886899cd0ca803ce46b723f02ad2a428a58a527bdd0c1b8d4f15ef24e1c9e30fb1d1941afa92bed31dc6095ae6bc6ec2c2bce5a6645470585eb56cb5b065d208a9c0c93d1511a7d4af3835c5cf8d1434d24f4f2cb8681b5a7e415c4284a4f2916f56ac60b5672ad5fb41deb86dc4daed656b998f6069a414930dd1d4464e7691ea79ad9a9d8aab4e34d68f8e4d4ea6d695b559557ac7863ff00732338cbedc3c43e2f581da7db3c5a734f491f67350db46d330fe973faedfed181f3595b5d9d0b7c39bde6bb7635fbfdb152ef31a6b722f8f36ff739e565cd7820080200802008020080200802008020080203617b3fdeebac3c5fd3535be296a269ea852be189a5ce7b24f75c303c81cfdcacaf22a74249990b09ca9dcc1c7ae3b9dcbaefd9ef5aeb120db239691dcc31c00f9f45a651aa93d51d29e547e87866b2a1f631d6971bf3a9af7aca9ed6e8f196d4876ec7a0e4af2577461a6eea5bf96b9acb79d56d1b828fd9d64e1e5b99147aa1b76a673312870e4ef92c5569c5bde466add49454249998f04345e9ebfdc2e34d76a8a892d740435b0534bb0be4233cdde43cbcd5142119cdcaa703d6e65515351a38defb9a1f8f9c6fa2d3370aeb0daa532494d33e13cf3b76923ef2af6859caa3cbe0626e768c2de385ac8e798b565c35354ba3f78990e49c9597f0a34564d75dc54b97bab99ae38873b9f7965267f874cdce3cdc7ff4b33671fa37fa9acdfc9f89e1f431957e6302008020080200802008020080200802008020080dc9ecf7c4fb67071d74d4ed861abd48d2da7a48e76e4451104bdedf53c867cbe6b11b428d4b851a71d173360d935a85bb9d5abc5703aff47fb616a3d536eb7d74143b6df31264735d870c1c1e63a735aad7b69d1938396a8df2ceea8dc45548ad19d05149a57da03481b7d5d64d47746b734f5ec21b3c0ff307a3879b4f22bc29ce2fe8a85e56854a7f5d23843da36e7c56e00de1f62bec92d4dba624505e20c9a7aa67a1fe5779b4f31ea39acd50d9f6f5bea89ae5ded8b9b6fa6513667b186b4adaed1176ababaa2faaa8aa717b9e725bc860ab3bea71a353761d0caeccaf2bab7552a716d9cd5c6cd2b53a778bda9a86a263539ac74ed9b39ded93df07f072cb5bd452a317f6355bba4d5c4d3e1932ae1de958a3b2d4d63c06cdb7ddcf8058db9ace5351362b1b650a4e6d6a681d52e92bb545d3682f2d99c3ee1c96dd6eb769457d8e71772deb89bfb90c4169c118f9ab82d02008020080200802008020080200802008020080d9decfdc218b8bfad8505c2adf6eb252c7db56d5c606e03a358dcf2cb8ff00804ab0bcb9f2b4f79717c0c9ecfb3f3b5b71e89713bfb87feca14da6eda292c17c8a4b7b83b643563b42ddc724ee183fe169b56e7c796fcb8b3a2d0b385b53f0a9e708c96c1ece1adb4add0545baaa92b69cbf7011d46d23f10bc274fc55a1794ee552fa666e3d4965b46a4d23369bd7d6aa6aeb555c7d9cf1d40ded0ec7da6bbab5c3a823984a55ea5acbea3ceb5b53bc8bddd4e369b836ce055daaec9a72b9d71b556b9d3d1d4bb93cb0bbec3cf9b790f5e47c57adcd7f32f7cbad9f6aace8f846b1e20e80adba711de2a83df27610e5cee791b42f6a55fc3a291615ad7c7b9727c0c9cd961b3d0011e1ad0dd8f68f1565bce52cb32bb8a31c238f2b1bb750dd08e82a64e7ff00515d1697fc71fc238bdc7fcd3fcbfee5e18e1ecc76b0895aff00319dabd8b72de4b2504c7dd7be171fe56f3c7e29824b19f4cd5b0e61db3b3cda707f02a016125b6aa204be9e40078ed38420b7231d5004010040100401004010040100407ad697b83475270101fa97c02f672e1a69ae1dd35b2592a6aaf15d1c5357dca1a87c5276c0670d1d035a490060faad12eefe556ab525a2e074bb1d9f1b5a49c7fa9f166e5d3bc13aed395f4e6d5ac249edfbb3b6ba0cca07fad9807ef0158ca9c2a3cc5e0cbc6b4a30c4a3927788d5f7ae1ed077a51ba3aaa68c02f733a8f554ce9ca1ac5955bce15be99a3088f8d435ed9a515913417f2047811e05784ab54926a5a9908db428b5e1e85859edb64d4cc6525c5c5d1076f8256bb6be27ff00e0f8aa6124b465551cd6b1302e38e9aa6d3d78b6dc6121e268cd3c8075dcce87ef07fc2a93e478c5b6f2695e22df20b4e9eaeaaced11c25e7e785776d4dd4a8a3d4f1bbaca8d19547c91c72d91d23def764be5717b8fa9395d1d2dd49238bc9b949c9f3255b139f4adf1c735514914f95cdaaceef92806414751da81b87e0a4123133c3aa03c9ad94952d22681921c752de7f8a609c90f57a2e924cba099f09fe93ef05182484aed2f57491ba466d9e21e2cebf8282087420200802008020080f434bba027e480fb103bf9b0d1ea80dc1eca2ed354dc6ab3cfa969a2aca581af969e2a868744676e0b0b81e471cce0f880b1bb4255236edd3e266364c2954ba4aafedf93f57a47696e2251c5555108a4acc00cafb63c452b7cb3e0e1e8415a539c65a545a9d1631947fe3969fc129a96d0dd3ba303e2b9d5d4c913794870c793ea07454ca9c230ca67a517375354732deb5d5eaf4270dae92081c4b2764aec35a47890ade304b5331bc9ac119a7dd369eab3b9c6a2dd5243d9333ec8f029249f009b7a332cbd4b358626d641b8c71bb2edbe4bc78e854964d41c74e2ec971acb450ee2ff00a3c4e7977982797fb2c95bd0de8ef3311715d5196ea39fb8adabe4afb2434dda16b6799a08f303991fe1677675ba5577ba1ab6daba72b7dd4f8b35544ded1fc8639f45b49a2131b8b29410e00f4c679a9042490c725696c52091bd496f3da7c94026a9602c0d20f2f2f3520bfa6a8db96bb9639a905c89c3fa78f82120b8c92b236f41ef3cf9040426a0bcb63c4307dace001d49549062356c7b2a1dda3363cf32df2500a28020080202bc34524bcfec37cdc80b8fa2c50f23efbbccf44078f7f2c0e58f2524141ee500fba595f4f389237163da721cd3cc150d26b0caa3271794f53a6bd9bfda0aff004cf7e93aa9e4ab8e76bdf4b2bdfefc65ad24b73e230323cb0b5bda1b3e2978b0d3a9b8ecada929cfc1ababe4cd8b62e3cdeabafd3dbee171a821c76b1c5e4b3e447fdd60676ca2b7d1ba51bc8cdf86ccee3a8a5d433ba1a98435d20c3b6ff3ff00f7556ef42f53c702f6df4f2d352d451515544f64677c4e73778cff00331cd5e6d27ab3d37b2f2ccce92337ad3862946d936ec7803964742bc1add91572389b8ff71367e21d652eee74d146c23c8e33ff0075b459437e92349da95f76bb5f64694bb5f65bd5434bdd9642086fccad8ede8aa49bea69b7972ebb4b923eadf337780d6ee7f9b8e02bc31c5a57c95b5f296c80410671b62392ef994d417d6ea78e998091b463a2205fb6b435bb437a78a905686769fb5ef67c1402ee3979970e4073e7e0a41192dcfe8b4f34e5dfc4972460f41e0808ab4304b33abea3ec8cf660f8faa820b2be4865ae2f231b9a31c941247a0080202f2929f6064cfc10e3868405c3a524f32841425901f152414c918e6a0145efd8707f1407dc479e4f44057a6ba54d9ea22ada399d4f550383e395a705a42a670538b8be0cf4854952929c5e1a37fd89d47abf4cd16a286a8475920c4f1b3976728fb4d3fee3d0ad56ac1d19ba6d68741b5ab1b8a6aba7af3fc9b97426a886a29a9e19dcd756427dc7038dcb0b5a0e2f4e06d146a29afb99f53d1f6f738ef16ddcc908d9574846ecb7fe637cf0adb3a6eb2ef18d4dc7a0740df2ff00531fd0adb3d64320c39d0b72c1ea4f4534edaadc3c538b65b5c5dd0b559ab348e37f6fce03dff4f6b376a4b75b6abe873c04dc5a58476524600de3cda5bcf9671b5c56e9b32855a54dd3ad1c35c0e71b6abd2ad5155a13ca7c4e48b55007d235c4f5e6566cd649411321003061483e1d1fbf96b8f35004f5a4c8621801a31d3c5014db2177a202f6194b4003080b7b9dd4410f661d873baa020e6ab358e6b4eeec86390f11e007cd082562aa8e8181b2ff001aa5f8fe10e8c1e01016d7b8a4db0cd200d73b20807a788504914802008091a876ca6843796dc2029b9c4f552527c3bde72824f0f8041829c8011cfc54907c370cf1e5e4a01f351ce3773e58e8809ae1feb99748d5c90c80cd6da9c09a2f23e0f1ea159dcdbaacb2b8a3296378ed65896b17c7fc9ba74deaed95b4f3d3cbb99b83d8e6f4216bb5a868d3376b6bb4a49c5e87697053bb358dd2d5434b33be955aef7191c7bcc67f98fa60649cf92c2d2b7955aca91b15c5d2a16f2afc923f4974dd92934b58e86db4b1b628a26363018deaec733cbcce4e5743a54e34a0a11e08e3b5eb4ee2a4aa4de5b23f5ef0f2c7c47d3f5569bd50c3554f3b0b72f60247aaf52dcfc25f6b2e0ed2703b8c172d3340c9194d1ff19ae7e3696b9c71b40e80631f767c5540d36464138ca807c176ccbba068ca9043c721792f3939392a905685e772905c3eacc2ce5f8a8040cf29aba82e71f71aa482fe998f91c1b0308778bdc3ecfc901791c30519d81e4caeeae03738a029de4363a66441af696b8121e79f30a0921d00407ac6ee701e67080bcaa70735cdf452414bb4dcd0841e8384251f25dfeea0149f97139fc10803af90408f26198dc84918c03280caf4aeac7d9008666996949dc307de8cf98ffc2b4ad4155d5713236b76e87d2f87f63a3780bc72aee1ddd25bf582aa092a2688d106d51702ddc5ae786f3c35c5adc64f2c1c78ab3a545d2939b5a993b8b95734d528cb43f583d99fdaff004a718ec5476db857c168d570c7b25a3aa7860a8dbcb7c6e3d7d5bd47c95fc6aae12661e76f25ac564dcfad3885a6b87da7ea6f7a8af54569b65330caf9ea676b0600f0e7ccfa05ece49732dd424f91f845ed47c6b67b42719afbab618053dba693b0a26f30e303090c7381e84839e5e6aa59c6a44b1c8d3b2466338c72f9292923ae53f654cf1d377baa411f164379aa482ab1d819424b4aeaa25a46508295052be7c3b0768f1033f82904d760f8e2f0a58c7573cf33f72125789f0d040e96266f71e92c831cfd02023240fad86790bb7387be54023d004055a56ef9dbe9cd01f5349cdd94292944ef77fc290542770ca03e0f3e4a093c775e4800280487dc779610822c75284955ae24610926ec1a8ab34ec824a77b5d1eef7e09065920f1047ff11e0a971522b84dc3819abb8af53493b66b6d3c6fd8d73592d48712c25b8c0c1e640cf33d73cfa056ce8eff001d0bef32a1ac75fc90b78d537bd69551cd7ebc555c84603638a59498e303a06b7a01f20ae2108c3fa516552a4eabccde4b9a7909c018c0e985ea799765ad7c7838c94063b7ca1923735c01318e67d1402c7761802807c3a5d8d3e2808d99fda48014292fe3b89a56ec6c9d9f2f0e6849eb6e50b0efec64a897fe64a390fb9483e65a97dc1c0991ef7f40d23185049291d3f76dba774b8ed246ed0148442a80101734380f7b8f8350146670c9c730a4a4a31bbde232a092bb5e318405371401dd0203d0792012ff00fcca0231bcdc84951bc9dc90158b721bfec80fa63f68da0f21cfef405dd3d4b9a5012f455e0601fc5482622a8dcdea325482e18c6d434eec3b231cd018d5d6dafa37b9cc05d1798f05180434d2e02820a74c332925bb8f4c2904f50d4d1d190e9a060f418254e492bc973a39dfb628e67e4fd9f04c82acd2515b294543e06b6a5d9dadce4a80424d533dc3b49a53c8741e014105b2121017149d24f9202cdee31b883cda84148bf0f0474405412e08405473fc500dd960407a09f34244aecb4a119237a39092aed2e78c78a02b3cf6408eae3d4f97a210530501f6c908405dc33e0842495a5ad739a01c7a2025e8ab9b161aee60f8aa814af374103c35a012e1d3cd018ed7534bd81a88a12d039bbdde9ea141058d107127070e77571f050493f6fb740704b7b571ea4a9056acaca7b602218db24e7a340e43e680b282824ac90d455b8b9cee8d284177590b63a3786b7036a8248240101560716b5f8f440519c6798420b29392107b9c805092bb4e5a80a8de71f5f1407a0e067c501e3cf240479fb45015e29763390f7bcd0900e4f3ce10804631ee96fa9f1407b8f1407db5d8280bba798e7aa125ec13ec2093cca904cdb1904b512d4ceced360c35a7a0404c435505430b4b035aff00771e6a41af2a25652564d0c718cb1e475f554904cdaabdf0e3b5dbcf986852493305a69aaa4edc73ddcca905c3adac85db9ce1b5a32061010d709c4cd943793434aa418fa03fffd9);
INSERT INTO `alumni` (`Company_ID`, `Alumni_id`, `Alumni_name`, `Alumni_email`, `Alumni_phone_no`, `image`) VALUES
('1056', 'A004', 'Keerthana Velineni', 'keerthanavelineni@gmail.com', 8861103655, 0xffd8ffe000104a46494600010100000100010000ffdb0043000302020302020303030304030304050805050404050a070706080c0a0c0c0b0a0b0b0d0e12100d0e110e0b0b1016101113141515150c0f171816141812141514ffdb00430103040405040509050509140d0b0d1414141414141414141414141414141414141414141414141414141414141414141414141414141414141414141414141414ffc000110800c800c803012200021101031101ffc4001f0000010501010101010100000000000000000102030405060708090a0bffc400b5100002010303020403050504040000017d01020300041105122131410613516107227114328191a1082342b1c11552d1f02433627282090a161718191a25262728292a3435363738393a434445464748494a535455565758595a636465666768696a737475767778797a838485868788898a92939495969798999aa2a3a4a5a6a7a8a9aab2b3b4b5b6b7b8b9bac2c3c4c5c6c7c8c9cad2d3d4d5d6d7d8d9dae1e2e3e4e5e6e7e8e9eaf1f2f3f4f5f6f7f8f9faffc4001f0100030101010101010101010000000000000102030405060708090a0bffc400b51100020102040403040705040400010277000102031104052131061241510761711322328108144291a1b1c109233352f0156272d10a162434e125f11718191a262728292a35363738393a434445464748494a535455565758595a636465666768696a737475767778797a82838485868788898a92939495969798999aa2a3a4a5a6a7a8a9aab2b3b4b5b6b7b8b9bac2c3c4c5c6c7c8c9cad2d3d4d5d6d7d8d9dae2e3e4e5e6e7e8e9eaf2f3f4f5f6f7f8f9faffda000c03010002110311003f00fbb9e2e2a331f1578c79a8d9057dba91f20f4283c751347f955e643cf1513c75aa919333de323da9863ef575e3a8cc55b29105168b351b47579a239e698f18ad148a4ca0d1f151345ed5a0d167eb51b45f8d5a63b941a2a89a3cd5f68c7a546d1f14c2e5030d30c5c55f318f4a618aa5a1140c40d34c5578c7c7ad30c7f9d64d5cd13293454c3183574a1cf14c315656364ca462c534a55d3171d29a62a43b949a2e3de99e576aba623e94df28fa5262b945a2f514d30fe3578c5479551615ca1e48ff00f55157fc9f7a28b0cf57311f4a8da3abfe58f4a6345d6b894cc999ed175a85e1ad2787db9a8da1c568a624ae67182a37845683459351b45ed5aa987299cf1e2a268f22b41a2f5a8da13e95aa99935633993da9863fc2af987de98d156aa64ea5030e714c687357cc431d2a3311eb8ad14c7728183da9861c55f31f3cd34c42ab9ae519ed1531a2c9e957da1c76a89a2f4a0a2898fd29a62abc6223b54662cd26869b2998b238a61878e957bc9a431d64d58d532818863a52187d2af3454c317b548ca5e57b537cbaba62fc28f2a8b014bcbe3a51573caa28b0cf552b4c68c1a91b8a4af115cd5c485e202a331558619151d5a6c9b103478ed50bc5e956cf151b8c1cfad68a42b14da3a89a3e78ab720a888ef5b29194a25564a89a2ab6cb9a89856a99938954ad30c7cd5a65cd465715aa62e5b15990e3da9852ac9518a630ab4c65731d4452ad1a695cd5dc562a188fff005a9be51f4ab450fe34ddb45ca45531e29a63ab4569852a4b455311a6943e9564a1a42bea28b9456d94852ac1514d64a2e1b106c1454db05141373d08cf81eb4cf3b35f26af882fe12d8bfbe5c7f76622ac47e2fd5500dbaaea7cf65b83582c12e92472bcc13fb27d53e690299e6027ad7cbcbe3fd6e2181ac5f8f40d213fd694fc4ef1044405d66e18fb91fd41a7f527d248cde630fe567d405c7b9fa546f280486054838c1af9e3c37f16f5e3aed9c536a6f3432b08c82a98f986d1fc3d891f954de27f8c1afdaeb3388ef91774926e8da38db695765c703a600e73deb1fabc954e4bad8d96369ba6ea59e8cf7c320fc6a32fcf6af9c87c72f12a37dfb7700ff1443fa538fed05af231dd0596076287ff008aadfeab331fed1a5d6e7d0cd300704530ba9af9e1ff0068cd5d4fcf696471e8adff00c55397f693be5fbda6db383d30587f5ad161a64ff68d1bff00c03e822ea78c1fc6984a8edfad7822fed29281f3e8f1b7fbb311fd0d3d7f69a894e1f443cfa5c1ff00e22abeaf3ec57d7e8bebf81ee8ccb83cd31b0475af23b1f8fd6f7b6925d49a43dac0aa4877b8fbe4632146de7a8e7a0ae175df8e9ae6a83cdb2996ca00a59d60525e350072d91cf5ede9eb5ac70d5377a1c53ce308aa2a69dddecfb2f56ec7d27b401c9e69b8af98b48fda0b5ed26d96e6eaf2df5bb60d8f9630bbf9c0552bc86cf1ce7a5779a4fed27a25e592bdd595cc374a3334509122a64f1c9da4f6edc67151c927a23d6752118f33d8f616e3be29300e79af2b3fb42f865cab1fb5a039f94a2e4e31d06ef7a953f682f0b1eb25d8fac43fc6a7d94dec85f5aa31b5dad4f4d6c038fe94dd99e7762bce7fe17df849c7fc7cce3eb09a51f1dbc247fe5f65ff00bf2d47b1a8fa14b1543f991e8640cf0dfa530afe35c227c6ef08480675464ff7a07fe82a64f8cbe0f71ff21a407fda8a41ff00b2d27466ba14b11465d51d93230ed4c2083c8ae4c7c5af093f4d720fc55c7f314f5f8a5e146200d76d07b1623fa54f24fb15ed69bd99d3ec34573ebf123c312631aed8fe330145572cbb12e70ee78cbd9b48304c807a95207f3a85f4c0ac06f2dcf1f4ae8e7d23770770c74e82a11a1024e1f27dc5722c51e57d5a473e74fdf9cb90319a81f4d3b09de2ba61a448bf75940ce0e4714c6d21cb7cd301eb86fe95a2c598cb0aee7311d831208652bd863bd5297c3f00bb69d234593b61d80e7db3815d7be9243e54ee27a924d4274a9431c004fd4f155f5a4ddd99fb09aba472e6c30f82aa4fa64d40fa710d8f2d4803a9ae9db4c9b71c05e39c1c5472694caac768cfd07157f5b462f0d239bfecf40dcc609ff64d4674d3e68291e5c1e086e7f0ae87ec0e0f28cc4fa1ae67c7de17bef10f83b5ad3aca4686eeea0290b0e3e6eb8cfbe307eb55f5b495c2186729a52764fa9a3711eaf67096796ee18b81bde6c2fb0e4d43179cb0cbe6eaa228651fbd5fb401e67b1c7f5af92bc3df103c79f09ee4e8bade9ba85c6941f8b5b846cc67d636208fc3a1fd6bba5f1b5adfdb44e2e2e2ce4914b2c3789e5f1ce0ec6038cff7491c75ad28e2e8d58eba4bb33baae5d5b0b57debce0f671d7ef5bfcd1edfadeb5611d818e4b158c11b04f0b19547a7b8fc0579b78875d59addedfcf32e9f271e5dbae0dc6318de4606d1e8bd73cf4ae767f13cf07dfbd8d54707118190473df9ff00ebd606a7e2180235c2dec5a5dd0fe30e114e3b9cf07fcf14aad69d9d99be1b03849cd4945bb77bfebff0c59f10fc4ab6d2eead6d673259c56e0f97b570bbb182703d3a7e75cc43f1a6f747b80d6ee6e4952010d80016079e0e7a0cd719ac78c6dae05e5b1b6b0baba750897d0ae405cf38078ce06335cd44ecaea07cadd8d79caabbdd33e89d24d59a3eb2f86be3eb5f8870cfba35b7bd80ee68c0c8da7a11fd6bb7362463a7e3c5786fecc16824d77539de40a7ecd854e32df38c9c7b7f5afa396138e725719c0c0af4a9e27ddd4f89c761fd9d77186c60b5891db3fad2b69e4718fd6b658203c608f71c52c6818e770c7bd5fd6d7739d529186d6240fba78f5a4fb0119241c56e081492a0073ebe952342cae17606cf1e950f14bb9d11a5239e36671d0e7bf1d285b263edf856f3da9285b681db18a61b724729cf5e4567f5a3754d988d64c32792076345741f650546e8f1ee28a1e2bccaf66cfa38e8015be58d093d0e6964f0e0273e56d23af6add552c776dd83f534acebd95bfe046be47db33ee7ead039cff84695496f2f3f43514ba0ab0c1b60c7d480735d31dd8c9e17eb4cf2de527e40147bd1ed58bea906720de1f52c498762fb702a26d0633bb6f18f6aec268b6af0887ebce6952052a0955c7a63a5355992f051671136828a9919cd53934605f9719f4da735ddcf02393ce463d2ab3d9c330ee3dc77aa55df5329609743849f48f308c30c0e0f5a8dfc3e4f1bc63ae05777fd990e0901b3eb9a47d2e3ebb548fceabeb0cc7ea37dd1e7cfe1a6e4f273e808af987f6c8b0b4b583468bed5e65eed93fd1300ed43b7e727a8e4600fad7db5f61889e5571e95f1a7eda7f0dee74ed72d3c4366d25cc5a829496165c884a051c11d8e475ef9ac6b5772858f4303828d3aea4dec7c7a219a6658a5b6600702488e08fad3355d00a5b978f3b979c9aeea0b9492ce205079918d8e08c1c8ac9d4b3b5811c5799ed9a7a1f4ae846da9e7517da1db66cdcaa7b0e95a76d7c633b5f96e1493d87f9f4abb7525bc76ec4491c6919cb67a93dab99b9bd6b9bc7940d80f007a0af4695693774799569462accfd0dfd9e7e1ebf87be1edacd7112adcdfff00a4b075f98290368fcb9ff8157a57f629dc498860fd457cf3fb33fed2171af2db787b5b643716f1a470cccdccca38e73dc0afaee2b4f3100f283e47435d8f10d1f2b5702dcdc9f53881a18ff9e614f4033c523e86a01dd1f1f9d774da5e4906018ed838a43a471cc607e342c52665f5168e05b4640338c1f4000a61d141c1ebe848c9aef9b4619e139a84e940b72bc81e94fdbaee3faa35d0e1ff00b119970ca0a8e98149fd8e176e78aed5f4b53c0461ee6983490082439fa1a5edfccafaaf91c69d20853863f5e68aec0e9eb9201c0f4619a29aae1f563d91cc71273224607f7466a369564c6d95b6fad7cadf007f692f147c55f8b97fe1ad620b386c2de09ca25b46558bc6e07524f18cf15f4af88ef5fc3be1abdd58da4977f6685a616d0b8defb46702bc69c9c3567d4461ccd234dee62da14e5b1fdee6a09ef2143b551dcfb0c0af0bd0bf6baf0e6bba22dc41a2ea3f698ae4dbdec6aa196d8e0e0eee33938edd0d7af787b56b7f10e9769a95b0df6f751acb1b7b11d0fb8e86b38d573d99d33a12a56e63603ab463119cfbd24d73204da2304579df8a7e3ef843c25e3cb5f06df5c5c7f6f5cbc31a5bc7031e64c6ccb7e20d7a1485b60dca01ec09c56adbb6a656456769a460a1005fad24f1300003b5beb59de22f14691e18104dac6ab67a5a49911fda2554de475c67ae2b522960bb822b84992486450e8e8d956046411ed8a9d52b90d2b90889a219c127af5e2878b7ae5b00e3d7a55c731ac78605891d692da3f31b6aa80bfdf278149cbb9ad3a52a92e582bb66779478db83df24d7887ed43a243aef86e0827d6edb4800b13e7c01cc98da70afc153d381d7bd7ba6b1ab58692c91bca6e1c02ce41c003a631f53fa1ae1bc537da078a74f9a2d63468350d3a22310c91890b312000b9fe2248518eec2a2a294a364eccfb2c06418b6d5792d3b7ae87e68dd91a7cd2c05d1f631f9d0e437bd72fae6b2a15954e5bb0afabbe2bc1e18d4bc3fad7fc231e18d2b4ed1ac271652ea91465a5bbb8e0c82263d238cb2293fc45971debe3ef11a2e9cee31cf3835842379d9bd4f3b174bd82b5ee72f7b2f992e09c9cf3f5a64608049a69058eec71d68405b209fa9af612b23e66576ee6d786f549b4ed4609e2c8688efe3af06bf5b3e10f89a1f1778134ebd4c6f31207c1c8fba08e7e8457e4bf84448dacc514512cc65568cab74c11dfd3eb5fa69fb22e9979a47c13d1beda184970d2491eeea63dd843f42aa08f6358d495b41a8dd6a7b3842b82d8dbeb8a42818679e7fd9a9482cbf7463d69b16e1bb2323d3158390b908c47b0e40cfbe28da858e5013dea669081852abed516d2c33e60c5430e5207b5049f979ec0d35ad82e01c0ab19dad9dd9e3a1a301f191c7ad52938a172a7d0ae6dd01e31f4a2ac88d48e7f43455f3798bd9aec7c5dfb345e3d87ed79a969d29f922bad4a150073c798ddbfddafbeb5148af2da489ce62923646561c608c735f9f1f0ad5f4afdb9b508dd8fcdabdfa658752525ff115fa04854afce777d0f1f9565525a47d0da2b5b9f99571ae6a3e0af8b1e21f08db8106e9248e766946d6923dceaea7dd4e00249e4735f507ecfdf1774dd47c4b2e90de20feced3f4db48638ec191631713b6e32c9c83c0f946011c926bc76fa086dffe0a03344f12bc536a312b44eb9560f6eb9041eb9ddfad7d39ae7eccde1cd5bc533ea569696da0c5242312e980c7379a015e54e5366369fbb9c8edce79aad39594a0ecec7a9471316daaaaeae667c49fd9957e237c60d13e23e8fe2381ae6d26b679aca68fe5912223eeb03c1c0ee0fe15ef4d6330059adb0304962471fad7c6fe29f8ada8fecfdf12a0f075dddbeaf25c411cf6f35b4650b872ca14ae4fcd953d0d7a9691fb46da6a761776d35cbdb5d246c24b79c1491480720a9e41ae0f6f89a6d29ec7b1470b83c649461a36735fb687c29d7be27e93e1dd43c3567f6ffec4339ba883ed721cc7b4a83807ee377f4f5af7bf07d9dcbf857468a4b731f95650c6c1b8c30400fea0d707e15f899e45ac32ea36f9b79846e9776c4904b282bbb38e818fb55cd57e25dddeb346f3471c7801444d8c8ed9cd7b727192dcfa39f0a7349423a25d6fb9d17c40d0f4ff0013f86aff0043bdbeb9b549b66e7d3a6f2a5c2b2b60391c038c1f626b1ecaebfb3f4eb5d374d8cdae9f6d188e38c31240f727927d49eb5cdc5e25918bbefd817aa819fe75343e21332866c05ed9a6a704ad73e8b0591c302bdd8ddf72c5f4135dde6cddbbcc0304fe39cfe3541a196f25ba86d00516f6cc2dcb1c6fba746f28ff00c017e6fab83d45749a5da9d52cae2e1705c232aed3f300300b01dc0dc2b0af4369fa9599461b56733360f00960a3ff001d38ff0080d0da95da3d67255f9b0e9eab4febf2307c4df07f4c87e15ea9a040d1c1a568d66b691dd291fbd9f6095e56e7f89e439ef9fa0afcdcf1de8332323bee0c4ec2847cc5fb802bee8f8d1af43a625e4710b8f2ef9e29238d58ecddb02127b120440fb66be25f19f88ede1d4a452ef78f1ee05db8ce7e9f53cfb57958284e339391f95e730f656a525668f34997cb90a90573d0118c557ddc9ec2ac6a5a93ea17b24ce72ee73cfa7f9c557890bb127804f5af7d3b9f16d6a7a07c109ad17c7963f6bd3d754830c5ed5b1f380a49c03c13807835fabfe02d56cf56d02d2eec5d1ace5897ca551b428e98c76c74c7b57e3cf859ef34fbf8efacc98e688ee46c679afd01fd923e2741ae69e743d4f7da6b019a51b5ff0077303c92a3f84e72481ebc573d685d5ce98d29f2735b43e8ebff0018683a56b3069175ab59db6a538062b59660b23ee385da09e7278ad823cc5c13bbdabe27f8cadfdb3fb72f82ed072b03586573e8cd27f5afb6526d87694c11eb5cf28256b1927dc85a00bfc241f7a1625071c8fad66f8f3566d37c15aede700dbd84f2eecf4c46c7fa57cc7fb05eb9ac6bd65e30b9d4f51b9bd86292da3896790b0524485b19ff0080d52f85b6435a9f56152a5816c83e82a30081f2e3f1a994198f3fcebc6bf6a3f897ac7c26f0041aa68b3470dfcb7890a99115c329049183530f7dd81ab2b9ec4aa73c11cfbd15e77f013c6da9fc45f853a378835b112dfde1973e4aec52ab232038ff0080d14da8a63b1f2158f8d6db4ffda3e3f890b269d71a45c6a4d3b4167a8c4d32864c1c862a7a93c902becad3ff006a5f08ea16eaca97e99e372a249ffa0b1afce7f1a7c0bd63c1ff0017ff00e15e0bcb5bdd55e58228ae14b244e65552bc9191f7c03f435d86a5fb12fc5dd3dc08fc3f0df0ecd6b7d11cff00df4cb5d6dd069292fc4ced3dd1dcf8cbc4f6a3f6ccb3f1894b9b7f0ebdfd8c8d7d35bbaa281144ac4f1ea0d7dc561f16bc197e0791e26d31b8e8d72abfa122bf26bc49e10f1b781bc4e9e1bd46d751d3f5a3b1a3b08e42cedbbeeed084839ed8ab57d1fc4af0f82b7d6de20b40bd45e5bca07e3b851c9464926dfe01cd35b1f42fed71abd95efed47e0dbab2ba86ea1fb1da7ef60955d722793b826bec6f13fc3dd03c6d0326ad636f7136d289398c79a9c7f0b7515f91bacf8a356d59a21a8324d2c3f759e04571ed9001239e86ba0d2be37f8bf460a2db539a209c011c8e98fc88a52c3d39a49cb6f234856a94da9456a7d7fe3ef10eb9f09f511e167b95d52ded6d229209047b18a2e7248e7aae73e9b6b36d3e264779ab34cce22b54b446dc0124b9238fd7f4af93bc4ff1b7c55e2a368da86a571335aee086495a4fbd8c8f9b3c702ace99f1712058fed3652b48a30648a4033ebc62b178777b2923f4dc1717c614a31c445dfadacffc8fa76d7e2f5abbca274736f1e36a8eaec4f39f41534bf19f53bd730e8fa7f9cc4600f2c939ed802be77bbf8b3a16a9e13bbd2a2b21a55fcdb766a46291e55c30246449819191c2f7af68f823fb61d9fc33f01d878627b5b4d445a1702eccd2c4f26e72d96ca30cfcd8ebdab2785a9b268dea71a422bf774dbf5d3f2b9f5c7c14f11dd5d784ac6db58f320bff002fcd65653132b9909da47519db820fff00ad3c7c919ba8648556369191e58d791111ce33dfaf1c74c579c5afc4887c40d0eb307fa3bea422963843ef555312963b80191b76ff00df552eaff1522960727ca3f2af9b34c700615b07dc80076e7f96327c89247d453a4e84e18f7a29a4daf5573c7fe3678f2c12e6c59270ad66cf2cce4fcaa9d0020ff7ba0af8f7578535449248509ddb98b01c01b8f4f6af5ff88baa43aa787ef34cb7027692fdaf9e7200255548f9b39e9935e6373a95968da649008f74f38c2956dd8191fd735a5156d4fcf38871b1c6d7bc6d6feb4392b6d2e31bde670006c2eee87d49fc3f98a48945cce123fbbdea5b5492f66c30dcb8c600c0ad3b7f0cca089627d8e7fbcb906bb533e62861a753de8c6e8d7d3350b2d336c4ce9b87f3aec745f14dee83730ea7633b433c07cc8e489b0548f4ae4f4dd05604f2e651217e58b8ebf856e26976f1b20f2f210000127a55aa96d0faa850aae9f2c92b3e87ab7c34f11dcfc43fdaf7c2dabde6f92e248c4acce319f2ed0e71ed9535fa082e4b119030474af807f67cd49348f8b5e1ab868d240d3b5b8ddd53cc464c8fcebef912441410371f435c55f496f63e571985786a9cab54ce27e3c5e1b1f837e33b832796aba5cebf52cbb40fd6bc53f606b4107c37d7aed976f9faa6c18f44893ff8a35e83fb5c6b02c3e01f89176b66e162801519c6645ebf9115cffec5761f63f8156336ce6eaf6e26cfafcdb3ff0064a136a9efd4f3ba9efcb72cbc8031eb5f29fedf9ab91e18f0cd8820f997524a40ef85007f335f548c28e07cbea2be27fdbeafc3f893c2f628ff0072de49593eac00fe555495e5725bd2c7d3ff00003483a3fc18f06c0015274d8e461eee379fd5a8ae9fc21a6ae8de15d1ec154446d6ce1871d3eea01fd28ac529b2ef13e3dfda494693fb67e877633fbc6d3a7c9ef8603ff65afbbd6ec8b60c4825bb119af84bf6ca06d3f692f0c5e9e03595b3838feecd27f857dc2aad1a38897e51cfd6b29bbd38336825cccf86bf6942d07ed7fe1ab9185765b17048f49081fcabef0b981f6e530a0f5cf515f0afed72bf64fda5fc25390406b3b66c83cf1349debeec0de67cc4f51d3d2a6a5f9205c2d767c2ff00b71d9c317c66f0416895924b240c18021b13be411dfad7d51a97c0af871ad80b71e07d0db70e5a3b248c9fc54035f30fedeb1b2fc51f0148a4ab1b565071e92fff005ebedab18da2540c371da39c7269c9bf6711c52bbb9f047edb9f057c1df0d6dfc273f86b448b497bfb89e3b8f2a5918385119030cc40fbc7a63ad7a6e87fb027c3df11f85b4bbf177add8dc5cda4533797728cbb9901380c878e7d6a8ffc145d4ff63f81091cfdb2e07fe3b1d7d49e0c9843e02f0e1c01ff0012db7ffd14b56e728d38bb93ca9c99f08fed13fb1668df077e1d5ef8ab4ff125e5e9b79628c59dcdba7cdbdc2e7782318ce7a5617c36fd88bc43f123c05a4f8a74cd7f4c852fe2675b5ba5915930c57048041e95f507edc1701ff67bd532a32d796c33dffd603fd2ba2fd9615d7f67ff000705073f66638e9ff2d5e8f6d2f677bf52e30f7ec7cf772d2784ed6cbc3d70544d630fd90c919cab1501770ce3baa81f4ae4357f16dabf88024b70d3cbfbbf211bfd5a8740ccc7d4f22b43e29eb10dcf896f6f8e7cbfb4dd3ae3b8137ca33f5af16f1b998d839ba52479e91c2f8c1398d7b0ebc05ac63ef3d4fdaf3bc43c1c545c6f6b69d36b58a1af6aa6c26b90970262d2395753905093f9e722b84bc737522c2ab8719e41e9cf02b5f5cbcb85ba92d983fee0ed36ee9b7cbdbc7239f4a8bc3da7bbdecb34a770e083f5e6bd15a23f228d29622b725ad77f71b5a16931dbdb47b88ddb79cd6ca030a961c20ed9cd10c0121e0007683408c4774cb9f95d08dbdb3d6a1b3ec29508d24a31269005911c739ab01ceecd45081242549e57a511e771ed557ea8e8b1d27853577d1f5cb0bd8f992de7495727bab023f957d25a47edbba0dd36db9d1e388f731ea48c73f4655af956d64c3a91d41a9edff65af1ff008aec5b5df0de8f1ea9a4dcc8cd1345770abafcc41055981183fa735d09d26af515cf93cf294ad09c59ee7fb487c77d33e28fc25bbd2744b3bcfb4c9770b32931b8da093fc0e4f503b5777fb35fc58f07f847e11787343d5b571a76a76f1c86682e609176b34aedd76e3a11debe16f1b7c30f16fc366b7ff848f44bcd204ec56279d708e4750ac0907a8aa0f6fe21d1e249248b51b28dd432bbaba0208c820f706ab9284f47b7933e4af35d753f57ecfe26783751c7d9bc51a5927b1ba453f9122be32fda86f20f19fed1da0e996f325ddb97b4b65789c3a9decb9c1048ee6be7483c6daedba606a12b8f49007fe60d3a4f1bea1737705d5cc76d71710e364af080c31d39183c55fb2a6be06fe64a737f11faf40e31ce3db1457e58e97f1ebc4da728d97975185ed0decc9ffb31a28fab53e93fc05cf3fe53bef8cde36d4fe326b7a47893ed5a13dce9b6c20786d6f96262048581db236589dc7eee6bea4d17f6bcb1961df79e14d4a21b46e36d3473af6fa66be46fda13f66bb8f81177a123eb91eb10eac6508eb6c613198f6672373673e67e95a69fb157c56fecab5d4b4db2b4d420b885278fecb7e88c559430e1caf3835c9cd87946f25a7dc75b5516ccdafda7fe22e9fe38f8a5e17f1069f6b7f6b6705aa4721bbb7d841599c9c609c8f9bb57db3a17c7af873ac469f66f1658b67fe7bb987ff4302bf33fc67e1bf88df0aee21d3f5f4d4f477b946f2a27b8dcb2a8201c6d620f247e754aeb5cf1a787c62fedaead948e97b62173f8b2d3f67426ad7d3a0735489f4d7eddbaf697ae78d7c0173a55fda6a112c52abc96b32c817f7898c95271d6bed9867589220f20562a3af1ce2bf206efc7726a31469a9693a7de042c4308da26e719e5187a77adab0f8bb71672c122c57b035bb6f85edefdd4c47d5720e0d4bc34649454ed6f21aab24f589f567fc1435c4ba3781fe61f2decff00fa0c75f4c782a392e3c11e1e3d974fb71edfead6bf327c6bf15c7c4ad3ac2d75ed735d905948d2426e425d0424007192a7b0e735eb7e11fdb37c55a2695656075bd2aea0b7856244bdd3dd0e1400013181d8543c2394541496852ac93bd8f77fdb894a7c02bd1d337d6c0ffdf75d67ecf6ff00d97fb3df855bcc49962b076575e030dee73835f23fc7bfda9b52f8adf0e65f0e5de9fa626fb88a6fb458ccdcedc9fb8d9f5af66fd99fe2f41e2af84ede19874d9e09743d3824d74d2068d9896c01dc13827f03512c34e30e5f3b9ec655058bc6d2a6bab5ff0004f1fb7d0ee3c55e23d0b4d421df537903646428691d8b1f60a327dabd4fe36784747b5f8733c115bc36b6b6f07d934b88aa87007ccf374ce5b9e9d8fbd59fd9fbc0c2fe26f105ee4feede181187022042c873d8b11b47b6fae2bf6b666d5fc4ba368c1cc36ef033128303cded93f4381fa726b8614f9bf78f65b1fba66f514aa559463cd6d3e7b6e7c9b78cd777526e192182160d9dd93fe4d6de9d67e55ac60f2ee493f4edfa0adb7f0ae9fa768da35cc0e5e6b896413a1ea029f94fe3fd2aae0199b6f0a8300576f35f63f3aa397bc27bf575931c4e0550bf9cae1d7ef2f22ae93f293e9552687cc1cd5a85cda4fa22ce9f74b3e1d7a376f43571a3c303daa968fa1decd0ea1756f03cb6b671acd70ea38894baa027eacca2aea49b9067a538cada17177df71f112a4735f55fec79e3126db58d02490fca56ee15cf63f2bffec95f292f27ad7a97ece5afff00627c56d1773622ba736aff00f03042ff00e3db69cd7341a479d8ea7ed68491d3ff00c1436f8cb2781ac41cb13752903dcc607f5afadf45b2fb078734bb10836416b143b48c8e100fe95f197edaaffdb3f1b7c11a3060ec21890807a1927c7f202bee1695020e318f415c355da1047c14756ce4357f873e17d75d9b50f0ee957ac7a99eca363f9915f0d7c20f875e1ff891fb4ceada35ee9b149e1e8a4bd94d9c45a240ab95400a10400c54f07b57e81eb771f67d32e6e576ab45133e7b1c0cf35f147ec3768dab7c5ef15eaae0fc966f87c7792653d7e8a6b5a53b539344ca3792b9ec9a97ec47f0cef64611daea3a767a7d9af4b01ff7d86a2be828e3e48639a2b3f6d3ee1ecd1f327fc140ac5af2c7c07244012b79711f2703958cff00ecb5f4cfc2ebc37df0cbc2cc721ffb32db3f5f296bc13f6ee592dfc09e18be810493c3ab7968b8cf2f0b8fe95ed7f006e44ff06fc213b9dcff00d9d12927b9031fd2a5c6f497a9ba7ef5cf973fe0a0b6cf1788fe1fcaca46e172993ecd17f8d7d8ba2afda341b32e81d64b78c90c339ca8af94bfe0a248263f0f6e338f2ee2e93f3f24e3f4afa7bc2333c9e0dd0a7c86f32c206249e398d693b7b28fcc49be667c79fb7b78734ed2f5cf02496ba7dadab5cbdc898c112a1930d0e376073d4f5f5af763fb287c28f116976b2cfe12821964811b7da4f2c1c951ce11c0fcc578e7fc1407325e7c3d6c602cd7438fac35f5a787a627c3ba5b039dd6b1723fdc14e4daa71e57dc7149c9dcf83ff6bbfd9dfc25f0774ef0eddf8705ec4da8dcc90cb1dc4fe6280a148dbc67b9ea4d7516bff04f98b5ad034ed474cf19b4125ddb473982eac37005941237ab8f5feed749ff000504dcde1ef05678c5f4dd7fdc5afa73c13b8782bc3fb071fd9f067fefdad29559c69c5a7dc6a1172773f3abe33fec91e23f837e1d1af6a1aae997da719d2dc1b767126e6071f295c76f5af5ef80fe0b6f0c7c3ad0f4c92f3fb36ffc41702fae648f696688f112e4ff00b2377fdb435e97fb79483fe1444440233aadbf07afdd7ad1f869e0d9afedfc2be36b99ed85b369b0b47a74719023631845c738c0ce7f2ad15594a9a4deadd8fb4e169e1e863253a9f15ad15e6cecd7c3f6de1af0dda5a68f2bdb43185e1f9c8518c7f327dc93debcabe213e9bab5aea7a93430dd5f5840a5219a3dc51815e40feb5ea1a9ea6c619848a4a24a51b008c739cfe46bcebc6fe057d5b66b1a25e2db6a71ae0ac8731cebfdd3f877c56f3492518ec8fd6694650a777adcf9d3c55e128b4ff09e857220682efec972d32be549659820e0f701b15e5f0e769f535f40f8eb53b9d76ef4f9f56b16d38daa5cd9de423a2bba0653ee19829cd7923f81752b5d06cb5568d5adae880855b2d9209191db201a74adb33e7734a1cd28ca92d2c73722e30beb4c00282cc70a3a9a965426e593d383ed556e1cce4aae446bfa9ae9bd91f37f0eacf61f83df18341f05f84358d0b56f09cdaa26b0596f2ea1b940cd1630a9b08046de4839ead9af2f7312dccc906f302b10865186db9e338e338eb594fe01d77c74f1c5e1ed327d52f6dd1a4786d46e7f2f81bb1d4e0e3a7ad3ec3ceb78235ba0ed30003aa8efdeb36a1f656bd753c5c1aa90c65653774eccd2ddcf2c00fad6f783350fecdf1469574ac47917514b9fa303fd2b9d12ab1e207fcc7f8d5eb77f280729b31ce0d6ca3a599eb54d62cf5ef8e8c9e24fdb4fc1f62a770825d3d5863d1fcc3fa1afb5369c007381e95f90f6de33beb6f13c1aec571716fa8c0c1a29e1948742060107ad7b0e85fb5bf8db4f540de2bbdcf71756d1ce3f3604d62f09ed124a6b4d353f30f6bcaf63ef3f8977eda57c3af135ceec186c6620fd5081fcebe73ff827ee9acba6f8c6f18381e75bc2a0b719c4858e3e853f2af3ad7bf6aaf10f8d3c27ab6857babe8f2437b6e6232c96ef0c9d8e0638c9c63a62a6fd9e3e3b49f04bc3979a5c9a25beb097d766e4cd6da8a2b01b5571801bd0f5c75a5f55a918f246cdb0f6b16f999f7deec0ce33ef457cfda77ed8be1e9e3517de1fd66cc9e731224abf9e47f2a2b9de0f11fc8cbf6d0ee78dfed09e24f136b5f0f3ecbaa6a12de59dbdf47228942b36ec32839c67f8ba66bd1fe0afc71f117877e1d787ec22b1b4bdb38a0758f716570aaed904e7af1e94515e7aab274399f7338d493d4e1bf6bbf896de3ef0df861ae34a6d327b5bc7657597cc593728c8e8318dbef5f477c36f8d3e1f7f04e856974d711b5ae9f6eb313112388d41c15cd14553937462fccda126db67857edbfe28d13c4917821f4abc173e4dcdc16560c0a8223dbd40f4fd2beaef016a76979e15d1da39e298fd8e1c8490120ec1e94515a6f4a2fd4de0ef267ce5ff0005007593c35e0ee3a5fca07b7c8b5f4af81a407c15a0038c0b083a7fd735a28a89ff000a3f32d2f799e1ff00b78667f82d6b1460b3beaf000aa3249d926053351f8dcbf057e1bf8374ebed2daea6874e852e61670850f96303be4d1457a597528d76d4fa26ff0014bf53bf0b899e0ea2af4d26ef6d7b3527fa1a5e0cf8d7e1af8a1a52dde953883511b967d2ae0813003a60746e3a11f4a5d5b5cb18eda3682664b6763874507cb3c75ee3a11d28a2ab17154e7cb13f68c931753198255aaee792f8eed4dff84eee292e45d2dc1dd04a5dcfccad8006ef5e7d2b03e1a5cd96b3a2d85aea5b77e9770db86dc9604129d3ea401ed4515c8b63b2a3fdeaf43c6b56ccdaaea0f18da1e66c01d866aa887675a28af462b43e0eaa5ccd9dcfc07f14af837e2b787ef259365b49706d66c9c0d9202993ec0907f0a3e3af8763f0efc5ef10d95908e1b332acd1471728a1d1588c76e49e3f9514545bf7bf23cc4bfdad3eebf539148e4da39c9f55aee7e12f808fc41f1be9fa4488ed6b3396b96524110a8cbf23a647cb9f5614514eabe5a6da35c5c9c6949aec64780be03683f10bf683f13f83a39aeec744d39ae8c4f0b8691446e1146581cf26bd5758ff008278c472da578cd97d23bcb1cfe6cae3f9514579f56ace32d19f9e28a68f17f8cbfb2eebff0005f448b57d4354d3afeca49840a2dcb890b104fdd2b8c71eb58ba3fece1f10fc43e1cb1d774cf0e4b7fa6de47e6c12c33465997246766edc3a7a514569f589c69a97523955ec64eabf0cfc7fe1762d79e1dd76c02ff19b59557fefa031451457642b49ab9938ab9fffd9);
INSERT INTO `alumni` (`Company_ID`, `Alumni_id`, `Alumni_name`, `Alumni_email`, `Alumni_phone_no`, `image`) VALUES
('1004', 'A005', 'Sri Govind Nayak', 'govindnayak@gmail.com', 8861103656, 0xffd8ffe000104a46494600010100000100010000ffdb0043000302020302020303030304030304050805050404050a070706080c0a0c0c0b0a0b0b0d0e12100d0e110e0b0b1016101113141515150c0f171816141812141514ffdb00430103040405040509050509140d0b0d1414141414141414141414141414141414141414141414141414141414141414141414141414141414141414141414141414ffc000110800c800c803012200021101031101ffc4001f0000010501010101010100000000000000000102030405060708090a0bffc400b5100002010303020403050504040000017d01020300041105122131410613516107227114328191a1082342b1c11552d1f02433627282090a161718191a25262728292a3435363738393a434445464748494a535455565758595a636465666768696a737475767778797a838485868788898a92939495969798999aa2a3a4a5a6a7a8a9aab2b3b4b5b6b7b8b9bac2c3c4c5c6c7c8c9cad2d3d4d5d6d7d8d9dae1e2e3e4e5e6e7e8e9eaf1f2f3f4f5f6f7f8f9faffc4001f0100030101010101010101010000000000000102030405060708090a0bffc400b51100020102040403040705040400010277000102031104052131061241510761711322328108144291a1b1c109233352f0156272d10a162434e125f11718191a262728292a35363738393a434445464748494a535455565758595a636465666768696a737475767778797a82838485868788898a92939495969798999aa2a3a4a5a6a7a8a9aab2b3b4b5b6b7b8b9bac2c3c4c5c6c7c8c9cad2d3d4d5d6d7d8d9dae2e3e4e5e6e7e8e9eaf2f3f4f5f6f7f8f9faffda000c03010002110311003f00f80f47f835a7ea3a8db5ac9a85cc7e71237e1460e091dbdabdb3f664fd90bc0ff163e2749e1df11ea3adc76d12161f61b88a3672ad8209689b8fa73ef5ca688045aee94edc017716589edb8035f437ecb571fd89fb4adbae7689cbae3fdec3566a5aa21b763e82b4ff00824afc0bb594b49ff0935da9180936a8a00f7f963539fc7bd6a5affc12d7f67db38984be1fd56f09390d36b13823dbe56515f5d8e514fb544ca4f3d7dabaec8cd36fa9f26c7ff04bff00d9f1987fc5297c475c1d62ebff008e56d693ff0004ddfd9d6db5290ffc2ba490a202ab2eaf7f22f3907869c8f4eb5f4caa629d6ebb2f41fefa6dfc8f1fceb39ad2e5c5ea78de97ff0004f9fd9e6c23263f85ba4485f19f3e49e6e99e9be438ebdaa3bafd8c3e06e9de1a260f857e180d05d053249a7a48e544d820b364918afa2acf9857bd646a76d9d175a8bfba5dc0fc037f3ac5ec6a70effb2afc1a82d1a5b5f847e0582754263963f0dd9aba9c750c22c8fad63ffc337fc3e4e57e1e785b3eda35b7ff00115ed964df68d3616fef460fe954a3418e7a8a705cdb9337cba9e6165f057c2fa541e55a7827c3b0439cec8b49b6033eb8095b96be17b4b11108342b184438f2fcbb28d4263a6dc018c5770a99e82a6f2804538cfad5f2233536fa1cb1baba5fbf6c0fe0693fb41948cdb30fa1ff00eb5753b07f76831a30e501fad472a34e66728da8a4836bc526dc838df5d2691299a373b5941c1f986292eed236b790041f749e054f61c943eaa0d4b56296a647886329641c0c7957913fe1b867f9d5bd66436f6c936e54da7ab734baf47bf4dd447a46241f873fd2a6bbb54bfb040e372900e050bc80c483c44381e642c7eb8af14fda27f6795f8f9aae8da947af43a45ce9aacaa0c1e7090120ff007863a7bd7bb8f0bd931c85753ec6bc4ff69af8a53fc01d2349d4ecf488f57b7bbb8f26559a63195e09c8201f4f4a6f9ada92ac70c9fb29ebd6969e5c3aad85cb2f4c874cfe86b8ef117ecbfe3860de4dada5c1078d972a33f9e2b73fe1a564f18e9c5bfb14da59cd11531c37acb2024750e00e9f4a8fe1cfc7bd3fe1bf87bfb26fa1d5ef63491e45b99af0dc4a771ce097c703a0c5625687b6fecfbe1dd53c27f0c5348d66d4d9df43349fbb2c1be5cf0720e2bb578f7412afb715c87c1ef88f63f1734ebdd42c05d411da4be4bc57180c4e3208c13c735db05e187b55a19f0fff00c14bec967fd96f5c91cb06b7beb291707827ce54e7f063fa5157ff00e0a5d6edff000cade2a21490977644903a0fb546327d3923f3a2ae3b099f9f324cd1a24a170d1b2b8fc0835ee5f0ab511a7fed0de1cbb53859ae23e7ea315e2f716fb60955872030c1f6af4bd16f16cfc69e0cd5138e6ddcb7bee04ffe8551b19bd51fb1d6bfbdb185fbb20229a63396e3a543e19985df87ac65e4ee894fe95a050e3a75aebbb4472dcacab8c5288ffd260e3f888fd0d4c89f3e71c52ccbb0a374daebf9138feb532d50e31b3bb36ac79888f7aa92c3e75c6a501e44b1838faa91fd2ae58f461414dba967fe7a458fc8ff00f655cf6ea6e57f0d399342b227a88803f853910077f626a3f0cf1a7347d7ca9a44fc98d5a74db2be3b9cd6b1d8992bd868504e6a603e4c53553279a902fca45696b10c66ce3a533662a7da40a3cb34f40d4aecb952318cf14cb0fbb1fd31564c7eddfad416b1f96ec3d1cf1f8d672dca4c2fe0f362b84ebe642cbfa1ff001a8f4e265d22dc9ea6353fa55e91079a9ee08aa5a40ff896227f73727e448ac9ab32c7818af9b7f6f8d186a7f0552e187fc7a5ec7267d3391fd6be9748f70f5af1bfdaf34b1aa7c0af11c006596212afd47356f62373e14f87f32c9a244aa49fdd8abdaae9f25c2b31ce2a9fc19b5379a52679c6e53f9d77ba9e9ab1c4d81dab003d67f627b8117fc249639ea23942fe60d7d1af1ec9d87bf4af977f641bcfb2fc40bfb5e9f68b43c7b839afaaaed3172deb9a68b3e3ff00f828ed8c971fb27fc448e31c85b3939f45beb763fa0345741fb7fe9e2f3f65df8908c4a01a72cb91eab2c6c07fe3b45691133f3abc71a1ff006378cfc47a5e31f63d42e6dc7fc06465fe956edde47d13c3574ab9316549f75603fa57a57c7fd0fc3ba27c79f1e5a5d5d5dc337f6bdc4ac8b1920798e5c60edf4615c75a0f0c9d1d6dbedd7ef6d04c76b880e43124919db532dd907eb6fc21d406abf0ef45b8ce775ba1cfe02bafc1208af31fd98350b2d53e0fe8725a4d24d0ac0aa19c60f1c7a57abec8b3d5b9f6ae95256572126521f7a8bc52d6f28039d848faf5ab8228b248269a62ddb876c51d2c56ad976c1b71cfa8cd497036de5b37a875fe47fa555d1f22dedc673f201cfd2afddae1addbfbb20fd411fd6b15b1a5ca5a2279571a8c5fddb82dff007d007fad5b914fda0fb8a82cc6cd6b505eccb1bfe847f4a6788fc41a4f8574d9353d6b52b6d2ac62c07b9bb9563404f4193dcf61d4d547c84cb8139c77a90478cfbd78ef8eff006b7f863e02f04378a65f11c1aae9ab742c9bfb37f7cf1ca413b5d4728700f0467d01af04f1cffc1567c05a143a5cfe1dd0350f11433c6d25e0964168f6a41c05c1560c4fb1e2ade82b23ede11f39a76c15f985aa7fc16035bd43c40a7c3fe08d362d1d5b0d0ea1348f70e3d9d4aaa9f6dad5aff10ffe0abbaa6a9a1db47e09f09c3a2ea7e77fa44fabca6e630b8e88a813273dcf61d39e22ebb95a9fa4863fc6a058b6cf21f520fe95f057c17ff82abe91ab490e9ff12741fec699542beafa46e96066cf2cd09cba2e3d0b9e3a57d9fe00f8ade10f8a960ba9784fc4363ae59b0197b5941643e8ca70ca7d880687a81d64c3ee1f7aa5a721449d3d266fd4e7fad58bcdd85c310030e94cb5045c5c8f560dfa0a9ddd80951768af35fda06ca4d43e1c6b76e8bbbccb5718fc2bd318aa9e580ae7fc6e96f73e1cbc8e5652ad132f3f4aa7aab09ec7e6a7c030c2d2e2ddfac7311fa57a86b169f2918af27f05eb307833c55ac5bc80dc466ed82883e623e63d6bd2756f1adabc6d8b3bae9ff3ceb993d06d1bdfb38dd1d3be2fe9cb90a25f32339f4da6becbbf4c4e4fa9af80be1078d618fe30f87c0b79e2df7617748b8033c57e816a6a7ef22ee60338cd5a047ce5fb6f5825c7ecd3f134489bc7f605d4807baa1607f0201fc28ae8ff006aeb792fff00675f8951c51e679bc2daa46ab9032c6d250064fbd157103e19fdba34a4d37f6a3f13ba2902ee2b4b8c1e327ecf1a9c7e2a7f5af23d2a2597c35abae7886e16503d37002be97ff829c78624b3f8bbe15d6a25d91ea1a4790c71d5e295893ff7cca95f36f83e1f3f4ed7acddb2648164c7d33ffd6a52dc9b1fa35fb056b0ba8fc1cb5837e4c0cf1e3e8c6be98d9c838af8abfe09eb7cd6fe1ed4f4e24feee7240fad7da9713adac25dce00aa8bd01683844074a50805738fe34b5595977af07d6b4a3d76078b7ee18c67ad5730cd1d3d4855e0615cafe471576f573067fbacadf930ac9f0edf2ea304f2c6415131031f407fad6d5c73049fee9fe552b519cbf8ebc4165e0fd3354d62ff00568343b482c1e592fee00658426496da7ef1c1e06093e87a57e637ed1ffb6559ff00c2cab4bcf0cebd17c4ad16d6d5c5baf882d4f916f290019238847085941dd87656e1874c62bc93f6e2fda6bc4bf1a3e2d6bfa6cba8b5bf86b43be9ac34ed3216611ed4728666038676c6727a67038af996eef5921893059883b8e7ae6a5c9a76434751e39f881ac78d2f2fb52d56fe4bebbb960d2cd2302d260f01bd76e481e8381c605725fdb0d776696f9da8092cddf9ab7a75a437f716c9086240202b7f1127a1afa4fe127ec57e23f88fa136a770b1e976cca0c313afcee4f723b0af3f138ba7858f3547fe676e1b0757172e5a6bfc8f9c85f5a431c29120023fbcd8fbc6a6bad6a79d7ca8e78931c6d65ca8f6afb2ff00e1dbfa8adb19a5d4f71190238a3c63f1cd610ff827cebf6a65f3a754854065503e763d8139c7a579cb38c379fdccf45e4d8ad95bef3e4684dd0b8693a3aa8f30039c7f88ef5dbf823c67ab7847504d4f42d5eeb4dbf8595926b495a19090720641e9f5af6bf107ec67e21d31639b4d2d7771e5e4a1529b7030473c1e3e95f35eb5a26afe11f135de97a8c1259dedb1dad0c8bcf3d2bd0c3e328e27f8723cfc460abe155ea44fde3f803f1cac3e37fc26d035eb732c5a8cb12c17915c47b7fd2230a26da47046e391839c1e40e6bd6a15db72e7fbc8bfd6bf2b7fe09dfaf78875bf19e87a5699aedfc6d689717179a55c1df68d6f98f7f96a5be5666652481d56bf54a324bc4594a1287e53d474af453bea70bd0c5f12ddb5a8628d861cf5af9e3e307c589347492cbed0c8d2ab0e9d78e2bdcbe235c0b289253dd0f1eb8af84ff68bf14cba8dec2cca008e6550c3b03918ace72e5686a3cc99e61f076e8afc4cd54b1f305c067f9bd7767fad7d23af2661caa0e47615f2efc34964b1f8816ae40c4c5d7afaf4fe55f594d02cba74523724a8a8a6d493b0e71716ae795e9ca74ff1858dd3a8063b84607d39afd0599c496514abce630c31f4af807c4645bea4ae3b107f235f78f87ee56fbc29a4dc29cacb6b1bfe6a2b54423cc3f6876fb4fc03f1e498c7fc53fa81ff00c96928ad0f8bf62b7df067c6f69346e226d22f616ed906171c1fa515480f07ff008297f846ef5dd03c03a95a47e61b3babab77e40ff5a91b0ffd146be37f06f862f6d6eee9ae23558a5b668b8704eec8ff00ebd7dd9ff052e8645fd9a9efa1cf9b63ac5acc08edb83c67f0fde57e62f8675c6d509598bac89cfcae7069c96cc9beb63f403f620b39fc3dacea90dd4b108e4daea03e79afaf7c43a87daa131473460b7030d5f945f0afe205e780b5efb5db162aebb5803ef5f51f833e39de4e8d7377b9c1fbbeab59f3590cf6ed73c29369cb34eba826f7f98966e2b9cb6f887f6566b46b959ca02a4a1cd7317ff1ba0d5ec19432c7b41cefe2bcb6cbc65e6ebb2989818e4e771ef52e4b7407da9f03b536bed0ef95f2acb3ef0a4e7861ff00d6abff001dfe2cd97c17f857aff8aee635b992ca15586d7763cc9a4711c4a700900bb0c900f00f1c57997ecc7ae9bcbdd72dda6de7cb8dc28e830483fcc575dfb4bf817c3de33f851aa4dafe9a2fedece359df33c9122aa36e2efb18655796e436064804f07580cfc27f1e5c437de2ad62fe7b9f3deeee64b879550a82cec59be5cf03248fc2b93b749ae9a411c4f242993bbdbad6d788da2d5357bfbab5458a19ae19e38d576809ced18c9edeff008d538a12ea82338661cfcdc91598f73dcff669f86767f103c556535f4e9670db153e585cf9bcf2bede95faa7e11d121f0fe950c71005028db818e2bf2eff00656d56ef4ff17431456ed3c4c76b81c14f7afd1fbbf895a3784b48825d57508ed414ca44edfbc603d17a9afcfb3294beb8d3d74d0fd132c51fa9a71d3b9ec5a27973a112a0c7bd6a2d8593b02541fc2be7b5fdaebe1f68414cf26a372bc664b6b36651f56e07eb5edff0f7c7de1bf895a57db746b9674520324a863752403ca9e9c115ea61e0dc529257f33cac44ed36e0ddbc8d4fec1d2658cc6b0a2e4f551cd7e7c7fc14e7e04d8786348d13e226876621315c1b3d41635fbcaf96463f4208fc457dc1f11fe307857e1442efac3ceeca036db78fcc63938000af9b7f690f8d9e0ff8eff047c4ba058c37ecd240b711b4d6ac9b5a360e073ebb4d7741461252495d3e8724b9e717193766ba9f0b7ec8df16755f057c76f0a6afa4192e5fed896af6700c35c47230478cf6e41c64f4e0f615fbbee7e789bdf1fa57e01fecd3e297f83df1af45d692d6d6fa4b5bf58961b940e92293b49c1e9c1c86ea0e08e95fbf1e633c113b218d895254f6cfff00aebe8a3b1f36fccf2cfda0f553a4697a6ca232e64778fefed0381d6be33f88de1bbbf14f9ad1daac8a0860a642727b1e95f6b7ed09e18baf13783add2c6d65bbba86e95d52242c71b4e4e07e15e0163e1dd7f416617ba35ec4922e03496ec07ea2bcbc6ceb4649535f3b5cf57074a84e2dd57f2bd8f93d209744d6eca09104174d2055981e6324f5af77b4d2b526d15165d7a672bdc2e2bce3e22fc3af176a5afc775a7786b529d23901263b6623afd2bd7344f08789ae349456d1ef11bb878883d2a32f9d49c64eaab3b959a53a54e70f62eeaddee793f8af47b81703fe269712b67b9e2bf403e0f5eff68fc27f0dca4ee61668849f5518fe95f1feb7f0abc4f70c863d2667627b0e6beb5f81da2ea1e1bf867a6e97aa855bb83702aa73804e40af591e3a35fc6d6a6f7c19ad5b2c5e7996d264f282eedf942318ef9ce31456adc8df6b32e3b13453d80f2cfdb37c09a87c49fd9a7c69a16936336a5aacb0c335adadba1792478e78e4c281c92429afcb2f0efecbff0019f4ebb8cafc35d7d4121496b27518fa9afdb73f76915c568f5562796fa9f953a6fec91f16e7684bf842eadc9c126464e07bf3c57b1f87bf652f89b671246da5c3100064bddc7c7e4d5f7c2953d7f953fe5f46fc16b3704f72ac7c383f63cf889379aad3e9512bf2375d138fc94d6af877f633f16da5e6fbbd534b8d40eaaee7f0fbb5f67855e3e57fc80a2581880d1e783c82697b3888f1af84ff0004afbe1aea8d78fa8c177e6c4d1c91c4ac3a904104f5e95a5fb4dea09a6fecc7f1366b8904217c3f7c9b9973cb44c1463dc903f1af521c7543ff007d5723f16be1f8f8a7f0e3c41e141a836971eaf6925a3dc246b29556183f2b7078e3d7d083cd689288ec7f3d519592168c8dcfc1247079c918fc0d4d6453ed090139da40048ebebfe7d6bd4354fd963e20e81e3ff13f842e34d48750d0cab4b3dcca123747cf92c84fdedeaa4803d0fa1ae1758f87fe2af096a70d96ada64d63248fb230e3e57391c823ad704ab5253749c973763b2387adecd56e57cafaf43f42ff0066efd9f2d343f0c69faac18792ee259a4724e72474af43f14dd691f0e19664d05f58d56f2558e49842246e7a0e70303dc803b9aeb7e00c7169ff000a3c39026188b6553cfb57abdbf8274cd51565b9b54964f5619afcf6346a6226e69ddbdee7e88eb53c3c1464ad15b58f9bfc1be23d73e2de9fab5bcfe0c97c2f6b60015967911649ce48c471980ab7033f7b1c8e6bd53e0d992c6f6e6d6783cb48a4dab32c222f338e72a38c8e871c57a64be0ad1b43d3e5bbbb2905a42a5d81f95147d057296f7526a26defac6de3b5d3a550f1b3300c50fdde3a0cfd6bbebd174e70a8a3cad744ef739a85655e9ce9a774fab56b1c8fed2edaf69cb6b79e1dd0df597531ef89000cea4e0fcc41e9d70319c751595e0bd77c45adda5858ebde087b7b2d4a378e60837ac499651e66554a31182002fc1392a473f425b69f1dfe9b12dc24772a4729b813f514eb1f0e594b116b393f779c15ce70476f6af49619c9b9456af5f33cbfadc610509bd23a797fc39f993fb237eca165f147e3ff00c43d375f2f1d87852f27b5917cb277b798f1a007231c2120f3d2bf5a5e2115aec5ced4518c9c9e3ffd55e3df0cbe1b4be06f8dfe39d56d162834ad7ed2d2ea4444f9e4ba52eae58e7800004003932b64f02bd9641bd1d40ea315f57475a69b3e46b24aa3b0e3c8a698d58e19430f7aa31dfdd328074d990e31f3bc7fd18d3fed17add2da25ff007a6ff05ad93322d7951af4451f80a618d3fb831f4aae4de9fe1817fe04c7fa5214bc3d65857e884ff5a2f64343a58230388d7f2aa52c491a10aa101e7818a7c915c7f15d01feec63fad51b88c60efbe6fa0da3fa542d83a8d65ca483da8a86d0c7e638499a5247f11cd14b711b58f96b90b8f89de15d3a578aebc4da3dbc884a98def630c08ec46735d80e95ccacda0e957b2c6bf6182e039dc91aa07c9e79039cd5cafd069f73357e3578341c45af45727fe9d62927ff00d014d586f8a3a5cc9bad6df5bbecf4fb3e8d7447e66303f5ada8b5eb6621563bb23d56ce6c7e7b714dbcd69e21fb9d3afaed8ff0c7104fd5ca8a9d58f439d93c7b7ce736fe10f124e0f4fdc4317fe8c95688fc65e2494e22f02ea080f7bbd4ed23fd164635a0fad6b121c45e1abd527bcd716ca3f4918fe95247ff00092ce0634cd3a2cf693517c8fc1613fce908a31eafe359ce63f0d68d6ea7bdd6b5231fc92dcff3a9e1ff0084f66b95cffc2336506464017370d8f6ff00562ad1d2bc5d2b6126d16d17d4acd7047eb1d59b7d03c4c7227d7ec173ff003eda63291f8b4cdfca9d985cf983c706f64f8ffe2bb5d766b1b8be5b2d1ca4b67686dd4db13758386762c43994162de838c57ccdfb45f86af3c43713f88e38522d36c2ea3fb346a32cc09dbbd89ce72703d0715e93fb79ea31fc01f8f9f0bbc6b71aa6a37516b715d69ba9cb3796b0c76ead090515101ca3c9e61049e9c6335d47c68d1ec4fc3ab79ef92d86a3a842f691f9782f21dad36fe38e1a35fcfdebe2333a552863157e8edfe4cfbecb2b431397fd5fac6ebf54c83f666f8909ace911e9778a63b8b701555811915f55e93aa24512f23a75af83bf67931aeb70bc6a1a592425e190608231923f4fc2bec24be5d3847b833a4800c771c57052a9eca6edb1d35297b6a6b9b7343e2e78eec3c33e198ee3513e6c72c8218a23ff002d1db381fa57ccf73e17f10f8b752812c2e21d06c627313c7773c8eaaa09e5141e3f003ad7a97c72f86baf7c41d3ed66d026b64d42c23335b0be566877923aaa9073b770073c66b27e1a5afc4bb68a17173e13d36e5582496773a6c8d1c8412c4efdc5b3f36de5c70bd3b9ea70fad554e7a1ae163ec68c943a79dbfcff0023a2b4d3f56d360b28de587c43676b207005d3a4e703b01b475c6013df9aecfc19f102c75b7bd9b4c63098a768aead58fcf14a3a822b83f8b2bf17ef61d2f4df0fe95e02bf6bb668eeeee286e2392cb20912c644a727b6de79c678ce333e11fc31d57e1b4bac5c6bd722f35abb68de79c0c095ca8dcd8fad7557a6f0dcbc872d9564dcfeebdfe6bfe18fa7fc217cd7f25dc8464858c649ff007aba3cbef00aaedc75079ae3fe1a5998ecaf6eda52ef348b195ecbb57fc58d7647b57d5e16fec62dee7c362edede4a3b0c42d2a039db9a3ca27f8da8878523d18ff3a5328cf435d57b1ca37c81eac7f1a635b267919fa934f69828e7007a93552eb5bb2b45267bcb7840fefca07f5a57487a929b488f58d73ee2abcb6d1a9e1140fa5626a1f13bc3160a4cfafd8478eb998561e95f1b3c21e22f10dbe8ba76b515e5f4e484488120e013d718a574d81d5bc7b6438c74a2ac48b83d28a2c048053190890d4d18cb563f88b5e3a2cc9fe8ad32b26e3206c2afd69df5b02dae6aa8a52306bcf27f8d3a25a6e136a7a35a32f5fb4ea112e3eb9615caea3fb56782ec77799e2ed1170db4881ccc73ff0001ce47bd1711ed782390714d2aedd326be79b8fdb0fc14efb60f14493e723fd1ec25c0fcd0560eadfb61e876e331ff006edda1e8d144a80fe6f9fd2939a5a30bd8fa904529ea1bea6944a91fde9514f71bc66be52d1bf69ad2bc4daca5ac163a9989ced0f7932a127fdd1b87eb5eb7a4bc37e3cf11b4722632a5f21b8c838c0f5c7e152a69e887b9e0bff055bf84f77f10be05e8babe9b05c5e6a5a1ea8a12dada0323491ce0237206400550fa7af415e03f017c0fadf873c2da5d9f8bcddc9aadac5b0437b33486285c1f2ca1248d857182bc63a57d65fb607ed89e1bf833e118f43b36b5d6f5bd72d278c2c7711c915a80aa3132e493bf7e029c6406e462bc83e04f88ff00e171782a3d36d34eb18248e64bad47c5dad5fb1f29a748ce00debbe545454da491951c006af139254ccb0adc65cad3d2ff00af5fd5f63a3079ac32fc47bcae9ab6878f0d624f867e38617713c6622591949219782a401c1eb8fd2bea1f03fc5ad33c5b02431ccacca03007a91d7f424570ff0016be1ee8da8dbea4b25da6a163a66a2da545aaae2366b858c3c89b7271b7246738e33c64578fbf80352f0da0bcf0f5fb19b895417e187d47515f9ee2b055b09251c445c65f83f99f7b86c553c4c5ca8494a3f8af91f6b683f122d26d53fb377e64006e27a67d2b6b56fb7db5e47268e2d9ee64fbf990ab11ef8ebf8d7e6a78a3e2df8b3c37af1bcd320b85ba601a78cae18938c018ed9aec7e1cfedcfa8e9b7b6d2eb1677371761ca905198b2f61800f2081cd6f468577152dfd3746152bd18cdc76fc99fa1fe1e7f11bdf46fab476d0c07fbb391bbfe038e7b77ae37c75f11b4ed2f58d7bed32ab2d9ec01548dced83c0cfbd7ce3e23fdbc20d6e77b5b7d16f67915730c7e51425bd4f7c5797693abeb5abea97baef892f19ae6ed8c82db76429ec4f6e070057ad1a13ad1b4af6f33c6af8b850973697b743f4b3e0b78f74af1a7874c3a624a1ac523170f22801a4704920027b835e866be49fd83b5d17efe30b52fb8816f228f606407f98afabefa4315b960718233f9d7d1c348ab1f32df33bb254e19c7bff004af8c7e3dfc61f177873c71ae69367aeddd9db4136123876afca5411ce33dfd6bece41c93ea057c01fb63ffc4abe316a23000ba821947fdf001fe55c1984e54e83941d99e865f4a35b10a1257b9e61e26f8a9e2af106ad6d65378935168a7849d9f6a907cc0fd7e95ca78463bcbef145e4373753dc9186ccb23377f7350de304d53c3970b83bae0c4dec0e0ff4aebfc13a43c1f110c6fcacaac00af228d69ca746527bdd1edd6c24614f1314be1b33d02ebc364c2adb3a8a9fe1021d0fe29e81328c11782339f46e3fad7a25ce90a34d889519d82b80d38ff6678d2ca7c7fa9bb493f5ff00eb57d19f267dddab2b2da3b0e08c1fd68ab12a2dd59aee1959141fce8aab3656c490af7af86bfe0a79a34ef1fc3fd4e39e58e00d796b2a2b90ac48899723a13c3d7dcf0fdc15f267fc14c6c51fe07685a81f964b3d7e1f9b1fc2f0cca47e7b7f2ad60aed933d2373f3bb45b20dacc51919596165e7d4735d359e8f17960f46f4c573561aa436da8e8f74cc16369bcbdc3a73c62bb282e21924658e453862319e6b2b35b99a69aba2e69fe5d93025011e95d4c17905c42a028ce38e2b0b4cf0e6a5e2791a0d36d24b991065ca0f9507ab31e00f738af6bf01fecf5a85ad943abeb86d5f4f120520dc9581b83f7a750c8bd318ce73f864586a95dae44672924f56737f0ca3cf8b2d4085a4c1ce1549c63bd7d2fa7fc58d2b5a7d4b47d2351b482e6d6d834f7578cf6f1a28e09495d3cb63f30c7cc4f7c1158fa4e9fe19d0ac2c6f24874ed134ebfba92d165b4d6238db28a0891662caec41232abd38c839ae96e6d6c3c23ab7847479340b4f196b7aab075d42ed24b979ed572dbb7387418f97e604a8073f2e723e870b95469abd6bb96b64ad6d37bb7dbafea71d5c5bba50b5baf7d76b23e38fda4fe1668de32d5351f15d86a7247e3bd22086f61d3b52b369e2bd891d1628d54ee4937e576923e70e8a6355cb557f014d7bf19be1568ada2cfe1fd0355d2f5bbabff15db5f5d476527da647c2398e42b88962dc004ce097006473f56eafa8697f12b50f14deeb7a9785f498ececa5bf5d2f465b7bcd419608f25e4ba2bfbb650ab8f2d815da082b8cd7cb1f12fc05e35b07f137c6dd1ecf4dd2605b28ad2ff45d62059edb51b768f6a488f2aed9e602357c1cbe76904938afaba5095092ab05cad5af7d756b4b68afd76badb53cb9548568ba5535bded6ecb7bef6edad9f91ee90cba5fc43bff0015e8fe16f004bf11b49875883598953526b084caf132b6e465566032ea491d9723a03d23f86a7d47c79f0facbc6971a7b3eb7f6ab37d07c3d6b142fa3cd0dbf9c9134b1e778d83055fee923048e6bcdb43f8b0f27c3c5bad035a8bc55ac78b21b54d42e3467163369a522888b58ad900058aa81fbb396e70bd4d56f0ce85a4fc00b4d0bc73a8413d85fc9af79f0e9f76d2457379104d93ca43062801d8371201dce38046ebad83862e938c9269ab24d5e527cb6beba257eaa31bdaef433a38a9616a2e56ee9ddb4ec92e6db4dddba36cb7e184f0ef8bf5ebefec7b5758226cc26e953cfd99200720004f04f1c0c7b66bbad23e14892767b6b38206739f3044a4fe1c55dd6be21f81f45d5afde3f0caf84b57bebc134c752dc9752c6792444fb7cb196538507839ef5ea361a824160d244997d8afb80e30ca18107a1c820f1d8d7e2bc439443098cf6987a52851924d5f557ea93d99face4b9a4b1384e5ad352ab16d3b68edd1b47cede23f0fe9779e2fd47c2d69730f93a469b35eeb37ece105b4b88fc94638c6096031c9273d365790eade16bd6b58ee6c90de59cdb843731060af8383c30054f4e0807041e84533c03a86ad27c50bdd4a1d364d4ae354d52e2f3559ef2cccf6ba7e9c93492162ad98d9dd7cddace38e1571c1af52d6f5f1a2783b4492fa28a3d67597b8d665b38a35416f0cac042b91d7291861ec457d5c72fa14b0109c74692fbddf7ff3f23e3b1788a957152e6eefeefebf33a7fd816db50d17c7bae5bde45e54773647196ea55d48fd335f71dec1f69b5923c95dc3a8ed5f10fec9de2d5bbf8b96b01509e7c52a6339e7613fd2bee46c9538eb8ae156b59150bdb51908c220ce7e5eb5f1cfedabe016d6fc75a2ea08fe587b3f2db0392431fe95f625b97f2d37aed6e4100e6be78fdaf20748fc3972a42a9696362467d08feb5c78d50fabc9d45a2d4f4f2f94a38a8723d4f9467f84915d59d8399dd5a0ba5901c8f423d2bacd67c369e19f889a3cb19f9649304e73d41acff15f8827d2bc2b77324a774451fe5001c0615b9f10afe6987857542721d60627af515e2c2b509d284e92d14bfc8fabab4eafb7ad09bf8a1f95cf58b8883e98bec315e51ad4420d7d587037a1ff00c7abd522bb43a4ee775403fbc715e3fe39d76c6d2ff77da118f4c29cf39afa367c11f77f872e1afbc2ba54edf7a5b58d891ea5451591f0a3501aafc37d0e6ce7fd1c21ff0080f1fd28abb9763ab87ee8af9fff006fad0c6b3fb2cf8b6411ac92e9ef6b7a81bfd89d031ffbe59abdfa270171e95e6bfb50d80d5ff674f891699019f41bc65cfaac4cc3f515a537695852d627e267f692416b62f212104cb23203918cf4faf35efdf0bfe045ff008c3c4fa66a575a943a07852ea5dcf75a8ca620e01e523e096ce08ce302bd23e06fece9a4f82e4d175bf13787edfc5970da7c5aa5de93290d258c264c24a2372a849519dac5b839206463d3f53f08783fc57e3a1a89ff008497c2b0ddc4973a758bbdade41a8a2b2a7936e91b36d7e802ee3dc9f7f7f0f808b9275de96e9abfebe47893ab250fddad53eb747a4deae9fa0c377e0f9adc7c376b7884b61aad984b8b7d45323271e5867623a63e6c9e4f4ce8683a56bda6ea72eb5a5e8dacf8c6e6ead044e9796b1e8d66577a853e5852246e32491f77e98ae2bc71e3cb4fedeb89fe22dadd691223c76ba2689a5dca9bdd3507cdf6991518a0cfca006eb8e9debbfd4f5bf1049e1a84f8a2f1f5ef065ced6b4f1668b27d9eeecb7fcaad3c40e0ed2707191dce3b7b71a5eca941462ad2dfb3ff000bd1bf4e65aed739dd5e79caef55f7af55b2f5b6dbd8d097c216daecfa57867c41e12b09b57d1ecd6eadd6df5478106f63e6346a1554e08e78e38c60547e29d0b5ababcd4db46d3c9d6349d3aded2d34c7b9f365b58881ba48df70c9da83183bb2d9ec2b3b5bf04eafab7c3b8b5ab6d76cf5af147832e3ced3b59d36e497bcb6500bc12e3b95cf077723af249ebed23b9f10c9e21f1159dfd9bdd6b5a2c32d8d8dcdd08e5b593cb040dc3a2020367d73d2a3daba6f994934aeacf9ad7bc5bd1bd1493bf47ba27d973ab59ddebd2f6b3b6cb74f4ebd19f3a7c42d2ae2dbc312ea769e1bbbb6f176bf3368118ded1c9bdca99d5e16501cbc60aac9fed9dd96f9dbd535bb183e24a58e9fe21d1bc3512e856ad14fa15debad33a44136912ac402a9001f98671fc431c8bd631f8b753f895a1e8fe258e0d597c3918d5838907efbccc2a609e19d5b3b41c671d4715e6df0e7c1de0df087c53d4b55d43c45adea1ad2c9793dfd8dde8cd0a334bbcb44492d8ddbf8e3907a8eb5eb371a91dfde8a724e3cd2df44bc972a5bad2fea70a525d3dd6d26a565b6adf9bbfe47ce5f13fe10693f047e35e8f7dabc3a8f87fe19f89ae0dc5cfd9675bb8d07fac2b04a80641241538ca827ae2be8bf84ba66ba218bc65aec03c683c41118bc2b7ba92f9f79631a71134b0630c3014ef8f2739241ce6babf8b7e0bd3f5ef82177f0d2f6ce78d1208f52d47579e0de9a43170e84107efa8e0e07201f538f97ff00651d525f1fa4ff000aef7c5b79a56b1a7def9da45bcf2b081b612730919314ca7e7070432b10718cd68aa3ad876e4ed15a5f57eeee9ab6aafa36aeee96ba3172c6152c97bcf5b68b5fc9db6db46fb9edde07f87d7df13fc79a95a7c5bb76d5358b02979a4dfdd4cdf627dc18b2a88d903a11b1c229030873c6457af7866ef52d4bc15ab5eea9ad683aedd879de23e1e9336f046176a4273c82bb48e7e9dab0be27f8a7c5fe2af10ea3e1bf081d52defbc2b618d43559e28bc9b87711bf09b4a97215b3c00417038273e6ff0008f5e1e13f00ea73f89740b3f09ebda9cbf6b9840be445a8d84447fa67d9d4948c7ceca7685dd80718c57ce66f87a98dc03ab3b2f86d05d2fd52e8a4b5d3e68f772aad0c3e355385def793ebe57ead6da967e38f813551e07b5f03f82b54b3b6bc8e11717f716cecf72d1aa7cf1a2206625dc8e78e98cfcc4555d5fe125d78b7c2da45b4f6ba4e9df11608e38ef6ced6f0cb24e9b02a168d59842d9ce4636e78dc38cfad7c3af85975e24d4a6f88b6d7ee96fe2ad1d126b2b9b5c3a8600c6c0a32940abb7e41d4e72738c685efc1ab1f0d7c4c9bc7966d731dfcd6f25b369f6b06d85a4914c61f19c803764e08e99c8ae6757073a2f0d5256b2bad3ed76ff823ab0c4aabed60af77aebd3b9f2c7c00b6d43c11fb406896ba95b4d6921bd10e1bee9258a360f43f7bb57e9457ce5e2dd0b5eb5f0469f71e15f0fc77baa69b2f9e2d5a7758eea5561fbc2772bee2572012cbcfd0d7b2780bc6a9e2bb39ad6e7c887c41a72c51eab676d27991dbcec819915f037007233ec6bc5ab8554e3ed694af1bbf55eaba5ceaa559b97b3a8acff07e874cdc63eb5e0bfb654462f86fa7df2c6646b7d4106d1dc32b0fe82bde9ba1fc0d7937ed4fa7fdbbe0d6aac064dbc914c3f06c7f5af2b11152a3352575667a7876e3560d3b3bad4f8d75059b55f0c5cc53d8c4217809762e77118cf1ef5ade2282e4fc30d1f50f3835b850b1a8504a8071c9fc2b034cd47ccb16b50c36142307b6476ae9f419175afd9e3683bdada574fa639feb5f2f85a97a151462a36feba9f675b0f6c552f69372e64faff958e8bc2be10b7974732dc5ddcde99007fde4871d3d2b9bf147872ca1b85d96e814e4648f6aee7e1d3fdb3c3768f9f95a053fa56478dd0445481801c57d4a778a68f8592719347d31fb3edc89fe19d827fcf2257f300ff5a2b0ff00661d4bed5e0db9b72798641c7b631ffb2d154fa151d8f59ae4fe2b5aa6a1f0f3c416d2abc914d652a3ac7f7994a1040f7c57579ac9f11956d3278dfeeba1523db15b6da927c15e1af1c699f13f5ef1c5a489ab69cbaf85d1a0bfb3b71f66b1b58a311a096475e0b2a6594738ce30718ebec2c3c23a75d68df0c25d3eeec6e030b5b4bf593173633bb2b2ca0720bb10acc31c2e147439e5bf670f0d9ba8354d39b514d3b5c8b59bbb3d125660fb9edee1e5656523842e064faaa000fcd5eab756569f16fc49f6af0a6976bff0b0a4b28cea9acdf31106965729e6c698e67200c30076f1e95f7cea42527cb7e44b477d9dac9b7db75eaad6d75f988c2694799fbcf7d375bb4bcffe1fa1cb6b6da6f8b7527f0bf8cec6fb58f897a2dd7d860baf0dcd1f9ba8c58ddb2595d4e54020f2bb979031cd7a178d7c23751e85a743e3ef1158f817c1d6c8bf67f0d6932b493c8abc8573fc6d9192c3233efcd79ff877c79f0ae0f12d9f80ed6d7508235bb2c3c64ce23bc3779e64462b9f2cf4e4739ce3bd7a878e7c33378ab43baf077c47bdb38752b48cdee8be2590e11d0361918e065b68f997dc1f4aea95e1529c5a715bedad9e8e505aa5ddab732e863a4a9cdab49ede5e5193ddf64ef66617836f3c356de18962b3b75f12fc3e9ef10cf198da3bfd2c904af9a579653c8dc0f39c1ea494f1bfc28f0a787759d5e7b5d063bed5f58864bdf0e5cb4d224338108c5b1c36176f6c8e41e6b43e12def85fe18dadc787fc231dcf8dbc41a946e24b9103436ff2af11e1ba81c938cfb915a3a2f87753d0fc59a4699e33bf6d2c5b0fb6683f66940b4490b65eddd8827183b48f43c13c554e72a75a7284a496ad26da94977e5df46b576578ddee8ca094a11538a6f676d547cafe6b65ad9f91c0ea76babfc6ef877e186f86f7aba7ea97685b52d3752b966483ecf8050b619d4166c81f772b5da68fe24d6be1af804f877c54f2eafe20bbdcf36916b2b4a6dec101f308914fca5943367b0c700d71ba7c179a549e21f0841a5ea1e07f136bbadadd5d590fdec5aa58348de70b4939da4867247e8370c6378034bd1f47d53c5dae5e78835bf104b8bbb5b4b37626497488176c91ca410cbb806008c11e5138ec3a9c5548383d609dd2b5db7baf7974e97bed1df73171f672535a49ab5fa5b6f85f5f96ef6d8f54d07e25e933e850de59ea7e21d2cdd97825bbd4025ec50050362cab81b979620f5196078c63e5efdb6fc167e18f89344f883e16d2a5f0cf8f2ce5177a95d68f9165345c04bb418f958b1dac38f71ebf43fc17f15f8675ad1f5bbbf0fe9f6d078574a22eacb4cbc91cdd5d5d1d99b8958b7ce0152319200038ae97e26db6a7a3f82aff005a9bfb3fc4f69ab2ff00c4d24312cd125bf684a9c83192c727031851c6335cbcb1a38cf66a1cb776b49eedea9376e89eceeaf64b5b96aa49e1d4dcb9acaf74ba2dda5e6fb5b4bb7d0f14f843f15ac3f680f86b65e0fb7f126a9a5ebdab896f2ef536857125f6771b550305d02fcd8077127a720574fe2af86b71aa7d9878c5acb59f14defd834cfedab79c48b1421a43b0c5263ef08d73953f31c91d73f20782fe28ebff00b23fc5511d8e922ebc13e2a26f74fd1b5046922deae5639101f9b7248a42b0e4aede49afadbe15f83747f18fc61f055edb8d42f355b7b693c43a9ea37af9467984900b70bd55a36121f9be6c96e482306224e8d3a92ba5157ecdf36ef5d2c9d92b6a9e9a6f6da8c53ad4f96f77ea95ba69addefd99f4af883e2af877e19e9d0e9b379d71796d6eaed67670b48634c756201da00f5adff0578e34df881a7497364adb632032c83d40231f8115e63e2ef0eebde19f88f7fabc56706a5a56aed1a3bb062f085e9c0ee0f43cf41d0f35dd6bdac0f03f817c41e23b8b431cb059c9388a2077c926dc8183dcb6d0335f9bd79a8ca308477ddbbfe1d343f4bc6e068d1a54aa5195f9927ba7ae9756b5d59e87c89fb477ed1df147e09fc4cbf1a3de68bab685e6b49fd972db126ce10782ecb86e464e33db8cd7b07ece7f1693e29e9de18f12eafa6c3e1ef10eb9e74b041a7c85a3b889005769813c92138ce48dabcf18af24f819e18f1978e75fd4f5cd63c3cfa1c5a944a2f96f2e96617edb36a9da77b28038232b93ec315ed3e27f871e0ed1bc256f3ebfa3c6c34cb636f17d92568249031398c052011962c063afb66b6c26270d56b468bbea9abc75bb7b765dafa9e162b0d8985295449696767a68b7f3fc0fa1890e84820823823bd719f19749fedef859e23b303264b4623f0c1fe9557e11789b4abed18e8363a75ce873690a223a65e3ef9238c93b086c9dca460e727a8e4f06badd7ad05ff87f50b7c67cdb69131f55359e228ba5395292ff0086febccce85555231a913f35748f0ace26c3dcb2ae70028c1fcfff00ad5dd78074a8b4bf859afe98b2348566797e63d3200fe95c75ceb73d9ea53c24056490a9e3deb4fe1e6a13c971e26b59cb6c946e504f15f2509538c670a71dd1fa5d685494b0f566f44ff35ff00ee3e0cea026f09da26ee5034673ed478f4fee5dbd0e7f5ae5fe0dea9e559dddbeee61bb75fa66b7bc65234f048a01248e00e6bdca0f9a8c1f923e0b1d1f678aa91fef3fccf63fd932fc3daeaf6f9f9b83f9337ff1545637ec9b69a8d9eb3a89b8b1b986da48895964899509f94f048fad15b33089f49e6b8ef1fea12c5602d6d02c97b727ca8236380ce41c5759348123624f415f38fc67f1ccba5f89ec581bb68625958c762fb2572236f955ff00849e9bba8ce6baa2b9a6a3dd9127cb16cf3af095fe91e01f0edb78d2db47783c46b6d3c7a84d2287b5d3a4374e25b897b991c9f9547bf5e2b57c237ba57c4dd3a4b8f8682e7c3de39d2104aaeb3041ab41bf2e24238dc739e4f5c0ce3a68c37971e16b1b1f10c3a24b67e1bf104a96faef84ef2217120046df39720bb8652589c6492739cf19fe13bbbcd17c317e9f0b3494f0bf8364ba7fb678af53984b2888060db62fbe15723180318e4f535f794e0a309597a36f4ff0c975b6a9257beebb9f332949ce2efeaadafaa7d3cdbb5b636fc3975e0cd4fc5f69e31b5f0ceababf8f2427ed3a269d06db7b49c02aeec5c003279ebc12735745adae91abaebbf1b75f862d6f574fb2695a546770d2d4939384c8ce76fcfcf6cd59f83f6367a98bbd63c0dab5ff00872de0c4779aa6af1adc59ea4c33f31567055b393f2b600c7735ca78f7c3df0dfe2aeb8d7fe31f13c3a3eb9a5deb4174fa4b34b16a3181959107cdb0e782467a63ae0d6deecabb8c5c924ad749b9aec9765e977dfa995e51a29b51bb7b6d17ddf9bfb9763db752d67c4fa9e9d71e1986e9345f102dbf9fa66ab6863683534dbd1770f9588eb8c608cf4e4f31f097c1be26f157873c41a3f8bed6796cddc9b7b8be5c34570b9fde26793ce3247b8e726b5d75cb8f18a68fe1ef036812dae8da7ca8d16bb7aae896fb3fb81be627048c1ebbbf1aa7aab6bfa9699ac5d5eeafa96a3ace9b70ff0069f0ed932dbee8437de8f39ddfbbf9b8049eddb3c507285274928c1b69edef277d1e9b5fb3764fc99b4d29cd4f59249ad367a6ab5deddd2d7d51c6f8c3c51ff091a782ed63bdd6a2bbd0a7ff0089cbe925bcb5b3fb9b8e064b0c8c30f56041cf1cdcbf0c3c39e367d40fc31d6af92e6e27fb2eaba7dc7cad1d93a9491d18e0804162c1892c58f43c1ece6f1e78697c1d178b74bb39f454b1912cf518ac572f2c2c5a488e71cb7991a8c91cee607b6394bef166a7e2ad4ef7c43e0fd62d3c19e2dd5ac23834cd2af614924d588dc497ce36eedc8159bae33d2bda83ab479bd945c396fbed7bdda9249dd6b74d6cac79d6a7594554929376db7b6d74eeacfa3beecd4f807f1622f11eb76be18b0f09c33d9685692c7a55e7920cd04717c89248fc70e406207f785757f0e75b1e39d1758f11e97a545a2eb7a66efb4c7137fa25e47f78c6f196c2b100f4e3d7b62b7c3b935cf16dfea361a3787f49f08eaa13ec9e22d4990349e7018290c61b81c6493c1249c9e09b1aac31f8deeaff00c2be1e7b3f06e8d6d19b99ed668c4126a371974c0cf440c8013f4e3d3cfc4ba7ed26a31e57eedddef65d5b4b47cd7d12f5763aa9464e316e5cdbd95ad77d12beab96dabf96a7cdbfb4afc3883e3df84bc49ad6b524f69e3e708be11d36e4182d9ad9591b10b9182e479802e464f624f187f04ff6aaf1727c2ab3d6aee4d334cf1368facc7a2df6a17b6cbb6f04880c6b3ed60eac7637ef4fca71ea0e7ddb47ff0084c3c6fe27baf02fc4af0e476da12446e9b25562d3a245f967b7b80080a00dbd4e72c0f7af11f8b3f0124f19693e2af10d878974c9edf48b6fb3d9e9f6160abf6f8ade5011ae4a90492439120ce371c100914eac293972cd2b69b6aacf64ade9d7d6efa6b427371d2f757df46df57e9e9f81f6527ed0963a7dd59e8b7d7b677be218e536ba83db44eb6904c41d8a1dbb12319cfa9e959fae78bef7e2b58369e2016ba73baeee0e5994f5e7b03d3d7ad789f817e24eadf12b52bbf07f8a7c0369e01bdb19619b538e095655d46511a8470c01f942e3f8989e467ad7d05a0c9616c1a0b34dc546d5d9dabf2fcf71746353ea7878f2bfb4efdf5b2b69ff0002de67e859360aac69fd72bbe6fe556dbcd9049aa0f04258689a5bdadcea722895e2b89b6c8b029024755009623700071c9eb547423abeb36ba9ea372cb6de238815d320954344495c13939224393804819231c703aab0f0dda5bdf49a8dc88fed2ca15ee24c6e0bd973e9cf4ab135d48f76d15a69fb6cb61df72cfb599bb6d5ebc75c9c7b57265f8dfa95ad056d2f7d5dbcbb2efdfb978fc2ac6735e6efe5a2bf9f7f2384f867ae6a90fc45f0f2ea1a54114375a65d2c571640b4bb4cb1305995492aa990a370000603b57d0414142a7a1c8af98ac74dd76d7c61e2ef10db4d6f278966b7b78ede05ba8e2f296494075f9db0a4ac2a73fed77afa66d24796de37917648ca199739c1206457dae6d1839c2a42daae9df7fbb5b5fad8f89cb5c94654e57d1f5fbbefd3f13e0bd7fe0c78ab5af1c6a50695e1fbe9e2172fb663098e3233d77b617f5af49f04feca7e25b79e6b8d46eacb4f132ed281cc8e3a7a0c7eb5effe34f8afa0781dde1bebb5376a01fb3a72fcd78a78bbf6a6be78271a3db240aa8584afc9af978d1a74db68fab9636bd584217d22d5bd4ea3c0bfb27f85fc12d75737da95e6a72cf279b2091c430a9f6039fcdabd5f4bf0af87f4a895acb4cb48c01c48b1824ffc0ba9af85f4cfda7fc55f137c532e99773a5bd888ff00d55b8c0620f526babf10fc4df16c9a547a7a6ad3c36d126c5119dac47b9ef4e94a0e09c1591c988535565ed5de5d59f627f6d59497ab6505c41f69209112b82d81d781457c63fb366a9709f1874e92e6e2499ee126898c8e4e4ed27bfd28ae88d9ee608faeb59b8f2ed5c03ce2be4ff8c9a83da78ab4a983c8816e90b3c58dc173cf62318ebc1e28a2aa1aca3ea29bb26ccaf88bad788f48d7c4de04d57fe120596317931d2a712dd3c8480c180f98aa92a028c80304e0f3573c53e287f0a78d7c2d7de108646f88d7f0635cf0e40bfe8cae6219674e02c84e3201c1e49f52515fa261a7ed2d1925eec65d37d3697747cbd6a7ecd3945bf79af97a763d17c21e1fd27e2df86513c61e31bbd5f5a42c65f0e7da16c040f9e6231f5cf60dc76e95cde97e15d213c6b247e0bf0bdcf82fc5be1f85da2d3ee17ce4d4a30338918ff19c90af96c8e33d3051442738cabc6fa463cc96cba5d595934d3eaafe66752316a93b6b2959bebd75bef7377e272f8e7e26681a66abe18bcd5ad23c1b1d5f47b06d8f14eac0860a58707241e78c0f7ad99d35af05f80b46f10f8b6eed60f15787e5508ab32497177685946c979e5802ddc81cf3ce68a2b9635bfda2182514a2a5db5b3dd5fb59dbd0ddc2d45e25c9b935df4baeb6efa19d75e39b097c25af5fe85e01b9b4f0ebca6fafaf6798c2f738909648b3f36e1f3b61785c1e9906bc66dfe13e93f0c7e24e93e2bf016a771e2b37366da969da65e0f34e988a36c93cf2b100221dca030072c79caf2515eb41fb0f69ecf6bca2d5dbe65cb7d6edbfbada687172aabc8a7d9493b25677e96ff82761f0ebc5da27c69f8842c86893f86757962692dfc43a1dc18a594a8c99275076be7a966e7a0cf35d9f883c6dff0009278fadbc1c3c3d63e2ed1e154d397518a709792c857324a9203c639661d0e339a28adf1987a74b115229690a778abbd1ebadef7e9b5ec70e131352a5184a4f594ecf45aafcbf0b987e3f7f155adccbe185bcd5b5af86fa3ce897da968c77df794e83f70401f3043c1233856edc63c97e24e89e02d4fc2579ace93e30b7f0d68fa7d93e93a35e69f2bf9d750c91c9e64377030dcec5d99b70e0f984e78201457150bd48a77b59a5a5b5ba4db6b6bbfc8f4aa5a0f6bdefbf4b6892eb6392f857f11b56f1443a66a9a9dfb6a33c5a7c36ab73b76fc918c01c7a73cd7d29f0bbc6cba32ceb7877899bcc47eb8cf6a28afe71cdf113fed3ab53af333fa072fa14ff00b3a953b69ca8f73d22e1353b18ee5a557471b8283c54f2dc04731c31e3e5e6561c0fa0ef4515ed424dc22fb9f2d38a55251e899f3afc6883c37f0e7c510f89f56f0fff00c259a9eb3730d9c16f71398161da8c198328c72367047519cd7d57e1620f86f4a22d5ac41b4848b5690c861f907c858f2d8e993d714515fa4622f3ca7075a6db93e65bf48d92d365a1f9fc2d0cd3134a2924b95edd5eaf5dcf98ff00683d281f8857d21192f1c6c0ff00c045793dcdb4234965660a64574c134515f3eb73d36791fc2bd225d1be25c114e8c825deab9e86be8bf10696b1c44eded45150921c8e7be114dfd99f167417c851f6df2f3fef0c7f5a28a29a1a3fffd9);
INSERT INTO `alumni` (`Company_ID`, `Alumni_id`, `Alumni_name`, `Alumni_email`, `Alumni_phone_no`, `image`) VALUES
('1048', 'A006', 'Biphin Babu', 'biphintiffin@gmail.com', 8861103657, 0xffd8ffe000104a46494600010100000100010000ffdb0043000302020302020303030304030304050805050404050a070706080c0a0c0c0b0a0b0b0d0e12100d0e110e0b0b1016101113141515150c0f171816141812141514ffdb00430103040405040509050509140d0b0d1414141414141414141414141414141414141414141414141414141414141414141414141414141414141414141414141414ffc000110800c800c803012200021101031101ffc4001f0000010501010101010100000000000000000102030405060708090a0bffc400b5100002010303020403050504040000017d01020300041105122131410613516107227114328191a1082342b1c11552d1f02433627282090a161718191a25262728292a3435363738393a434445464748494a535455565758595a636465666768696a737475767778797a838485868788898a92939495969798999aa2a3a4a5a6a7a8a9aab2b3b4b5b6b7b8b9bac2c3c4c5c6c7c8c9cad2d3d4d5d6d7d8d9dae1e2e3e4e5e6e7e8e9eaf1f2f3f4f5f6f7f8f9faffc4001f0100030101010101010101010000000000000102030405060708090a0bffc400b51100020102040403040705040400010277000102031104052131061241510761711322328108144291a1b1c109233352f0156272d10a162434e125f11718191a262728292a35363738393a434445464748494a535455565758595a636465666768696a737475767778797a82838485868788898a92939495969798999aa2a3a4a5a6a7a8a9aab2b3b4b5b6b7b8b9bac2c3c4c5c6c7c8c9cad2d3d4d5d6d7d8d9dae2e3e4e5e6e7e8e9eaf2f3f4f5f6f7f8f9faffda000c03010002110311003f00f977f68007553740e5a5840233d78a9bf667f085ed8f8ab43d6ed222fe5b1e4767f4abff00176dfed171aa654b610e08ef83507c19d6bc55e16f00df6afa6ac12da5aea50e164e5c06214e07e35e4c6a38bd1f5359b495d9fa23a9429e3af0b4da6f88ed67b1f34645c160c4f7e31d2bd63e066ad3ea1347a20066d1ed2d7646187461c75fa570769a8c53783b48b8bb85a0d42e210e1e41f23f15db7c3bf1cd978734572ab18bc272c471532af0a35dca6ed1b7de79714a52d0eb35af02df691349a9da48d19247c9bb2547d6be77fda83e237882d7c3573a606b696c6ea130de2c8033f96dc6547b57ac788be28eabaa46b6e8e4a4879c702bc8fe2d78763d7747921bb88ca265389075535c3531319544a8689ee12928bba3f33fe2868f70be2ab1d2f56b74b77688182753f7d33c66bdcff656f85163078d63d76daea4b3b8b0849551f379ac7b7b561fed6ba7db5dc1e128e081e2d52093ece1c2f05303a9fa815ec7fb1f787a5d5351bdb394ac1342ab206938cf15e9a4e513beabf71d8b9fb65691ff00095f84f40d3edbc3d1c335c5e1b9bc96d90f984043f39f5e83935f9a9796adf6a93018c6ac54311c0f4afdc2323d8f873594bdd322babb9e16b78a6979080823afa57e3e7c62f014df0c3c71a8e8936a115f300257787e50acdce08f519add34b54f539b073bfb8d9c2d95a9bd8cb43f33a8f996ace87a1de5f6b634d82d24babbb960b1dbc632ccde805759a67c1cf13ddf856f7595b5dba55bdb1b949c1c098770a7b9156fc0b6977e1bfb16bf124d26b4b73e5423cbe21900ca37be456cf477674ba914ac9ea71ede0bd4d2ede4bab63651079237171f27299dcbcf71822bfa0bfd95e4d164f801e045d0f503a958c7a54291cced9718500a9f4c1e31ed5f9d5e16fd9b352f8b1f0c7e1beada8d9b34325d4d73a9cb17cc19242c4838e84922bef7f811fb3ae85f09b42d322f0e6a5aa47a740fe6476d7136f4c9cee5e4676fb57428c92f238556e79ad3547b76a36697f68f0b80430ef5f2f7c77f869f6bd76c1d1328c30401ef5f55570bf1174a4bb96d652bf74f5fc6b3e45392b9db26d45d8f04f067c2886c5e6731f3e4b57b369cbe5699020fe1402ae695a6280c40c66322ac58ada41688640d2b8eabd00ae9d119d176b9f9cdff000539f05456379e1cf1635e489f6adda7c9131f90601752be87ae6be49d0b52b2bab1896d641fbb40ad8ea0f7afb7ff00e0ac1e0cf15f893c0be1ed72c05a2784f44b83f6a854ed98cd29548dc7a8192303fbdf97e7b69522786f4a8c0ff58c37364739af171d4aed35d4f4e8576dbec8f74f025b46c64257d0e3d6bd32210cba7c8a3047964015f3c780bc4f77793968ee63810fa835eaff00f0909b0d39da49e291f072d19eb5e727c9b9d6dfb45747e94feca76e969f02743308db991f7fbfcc457817fc14f259ac3c1ba0dcc05435cadcd9125b04064078f53f2f4af4bfd8ff00c7969ae7ecf165359cc1cda5d3c12827904bff00f5ebce3fe0a697315bf807c3377322b25bdd3c9f33633f28181ea79afa9a6bf7317e5fa1f3d2f8a4bcff0053f24fc41682c352b9b70db955c7238cf14568f8bf4f9ecf5abd8a78cacaacb23718c06008fd08a2bcbb9b9f457c48bdd374d4d48dccaa2433491203d704f7a3e1c1b01fb3cf88af06a30fdb62d4a106d7b901d706b84f1c78135e6d77547d4ef21be9d662b244a0aed3f4ed573c1ff0d353b2f03f8af50927363610c4923424e7cc60722b9f95464b989aeef03f473c2717fc2cad334ad2a49e48e48ad95e124f09c0e95d1c1e069bc396137dae5335cabe038380d5e53e00f136a3e1187c3fab3db48d666d50ef553b4f1eb5e9f7de2f93c6d0c578d21b7b789b7607f1d79b88517fbb7acbccf2a1256bb30f5bf185d5acaf12dab3468b82c17eed612f8aee0db7992498565390ebc11eb53c0d77ae5d5d496322c5a733112094727d715def867fb1a6d1e7b3bed392e630ac8188e83159e1e8466f5766f72a10737ab3e19fda01e3d4604db7113ce5c3c4f91953ec3f0ae8bf649f135f59f892e2d6f1e4bc70aafb5b00e33d01ae3bf687f00c7a75c5f6a9a7235a042d246acd9c0cf02bd7ff00e09ddf096e7c7da56abae6af766dae7216de6db9e07f3af729d3be899ea546dc19f49ea37daa9d73ec66c99ade65f3420e405f7af9ebe3bfecc9a37c5e79356b2d2f3aeadd46f3cbbb629817875c0ea48afa73c676b2e99a6699a8dbce6d3528a57b69243feae41c8fe99fc4d78f8d62f34bd4ae8beac1a59c9dc4b04419ebf415738284ac8f2a327095d1dc7c16f801e12b3f86afa46a1b2c2d6df296c97272a011c8c13d335f3efc5af859a47c373a15ce9f159dc4116a824902f0ad90540c77ea2bd2fc49f13ac6d74bb3b6d47578ae3326c5489c123dce3b63bd71be2cf11f84bc5d369e9737e12d74f90cc912367cc7da4039f6cd6b2e67a72dec16d7447a7fc11f8a13d8fece9696ba65a4565793de5ca8d843aaaf9ad8c7a76fd6bd27e1e7c59f114bab691a6dc1596312ac52b01c10c719af98fe1c7c43f0afc3cb05d3e3713daa962a929270c492493f535eaff0d3e216843c656faadd38974e077b2c478563f73ea3344954e649e834a7ccac7db758de23d365d4a289225cb03d73d2b020f88936ad6c26d3ac00898901ee24c7e82aa5c6a5ad5ef32ea02dd0ff000dba01fa9cd75a4f73d8706d58e9edb4b5b28b33ca9180304935cfa3db5d4172206124618a2c9eb83d6b225d3a298e67796e9bd6672dfa1adbd1ed163b32a13cb507818c55d9f51722823e73fdb7bc3c3c53fb3ef8a62064dd60d05c8207076c8a4fe95f919e2488a82a8bb8ae739f4afdcafda1b444d53e0b78d6dfcb0cb269b29db8ea40cff4afc5ad6b489a4be9a3d988f7108e46322bcbc53e59a6ce8a2938b48e57c0777223c8379c0c7cb9af659ece4d57c33786c97cabc8add9830cf35e7be1cf0d1d3d24301dd333e369fad7b87852ce16d25d8ab2332323b01c1246318af326d4a57476d24d2b1f5f7fc13d7c2ed7dfb28690e93f917179a9cb3ccc4677049718fc96b5bfe0a2de12ff0084c3e136936d0802782f0c992d8ca88d8b0fd2a87eca3a25ee8ffb3159e97a3ea1259dc5b5f3a7da0019f99f2d807ea6ae7ed41f0a2dc7c26b8d5f5ad56ff507b460c4cb31c7cc369c0e077afaa8fbd4a2d6d63e7dab4a49ef73f297e296a56375e32d6a6d3dd45a4b0421029dd921541e7ea0d15cbf8834f934bbc9966431831ab2a91d41c1068af29abb6ce8e87ddbf12acb4d3af6ad7d8118b8b8264dcb8e471599ab784b55d53e0a7896f74d54934f822df338c70a39af6ffda1743b166b6b78ed902b443732af19ac6f0943a7e9bfb357c47d3e55285ada465d9d4fc9c7eb5cf5a5c92bbe82ab172a47bd68de22d3f5bf859e19d0343b68daf2f6ce18cb3282146d1b8d59d4bc2f67e1dd32db4d67549d4ed6278c1af3cf80f7b6327c3ad02fa398b5c47669f77a8e3b56f5c6a771ac5ccf290ce85be5ddc93f5af3f1189bbf7b597e879ca1777675da67c384b8d088b778c5cb3e36c6796f7a75af8767f0fcf1417ebb8b90444a339c7ad463544d234ab5927f3e19540647849e4fa7158fe29f10cb16a1a4eb367a8b5cdcdc128f0b9cf9781c64576d38d18be782d4de2ada23e74fdacf43bb9d6fe3b5d35d2291ced503eea7d2b53f636f8d9a3e8771a6fc3e9ad6e74ed5afb260631e14a819273f4cd77dfb44f89249fc2e2fa78516431e4c80700d793fc2b8ac6f7c41a0789ec9a09350d3a4ca4bc0243295618fa135bc66e9d4bdb43b5ae68ee7d13f1e2782216f0e9b7af7764ee3702784719dd9fcebf347f68cf8d973e32f18be81a45d3268961279465b7e1ee24ee01cf41d2be90fdb03e2e3781fc21726282e1aff0056792149e3f952262393fad7c0de16b44b813de5c4ea64031b09f9ba7515d74a31ad515568e1a34d37cecf58f0ddf6a76da74909b5bbb1047c975281260e7b65b27e98ad7b78eed600f7babcd7e738f9a1f2f1fee8e7f5fd2bc27589efededd4c77b21854ffab598b6df73e95a3a078c6fefef2d6d6f2477576111720e4e71d48e6bd55535b3474b8e973d72f3c513b4c2cdaea2989e3cf702327d03038e7dea4d13e27de781b588d65bf8ee11f0935a798c04b11eb907b8ae4f57b5d3b56b582058c2c854854039dd81c96ea4f15cdea1a5dc5adcc76772bf695e1a39b60240f6c8e6ae716c149753f49be1d7ed63a08f065be996dab4971a97da3062452d2483d14f604e46e3d2bea5f05f8ca5f15da2cad68d6d1ec0464e727f2c57e397c019e5f07fc48d3afe7580c68cf18dc01c8e32400dc30cd7eaa7c1af13ea9e2b5f3208249ac881b6558d9474ee4819fa01583f33ae2d347b35adc2daccb232ef0b9e077aa53f89bc45a8b32e9fa22dbc60e049752819f7c0cd695be8b7b70ca5613b7d4f15d1ac61100c0e2b3d0caa5ba1e23f19f4af1749f09fc577136a71af97a74cff0067b68b1b80539193cd7e396bba9ea37ba888f788218f0158722bf77fc7d6897de06f105bbe36c963329cfa1435f87769a1bb4b77f69825e1884ddd857978e7cae2fd4d70caeda30741c2eae7cdd464690300b1a83cfa9afa03c23e146d46d3ca49e5489a266deac41071dabcd7c2b61622f1924b648e751f2c879cd7d31f0e61b44d3fe720165c727247af15e624e6cee5ee2b9ec3fb13dcdea7c38d6345d62e11a5b2bf2d6b2961be58ce3048f5c835e87fb67dd1b5f8117630191a440c1beee3debc5be1ad81d1b58b8b98760910864908e3afa547fb58eb3af78c7e135dda3ea2ecab223346802a919e735ebc31b08d28c25ba47953a0f9a4d753f3e7e3d691258eaa8004751616adb9380015e0515cd6b30df6ad16a12dc4ef706d12352f337cc067000cd151ed149b624ac8fd18fdabbc29ab5aaa7f63eb12db4db37053820fb57cfdf0cfc61af3fc35f889a6788ae24778e02aa0ae072a79e2b5bf689fda535790c975069b1ec8a4f24176f4a8fe065f6abe3ff00f8defe5b28b74964cd2205e8029c62b8718e2a3cdd34fcc53bb8591ecdfb3c78ad57e1be816e96efba3b71be41d2bd8ec2e74d7d12e6fde491662f8013fc2be76fd9d6e27bff867a6db600578c80cbc720d7d1ba5e8172de15b691207718f9f2bc03ef5e1e3e5ec6abe58f57f2392953751b469ea1e2eb7d0b468a792212c4d11c07ed5e5bab6b0755bdb4be0c60b292408fe575cf6ae875c8a7b5d3648b51f9a53c468fc601f6ae15d2e63d2e7778cc62091704f00f3c53c36262e3780e1193aaa123e43f8ff00f14bc5b078cf5dd01f59b9934d8642b1425b855e0e3f5acefd9bf55d4b53f897a0d935d5d181ae398e36273c1c71f5abbfb456a3a2c1e24bc9e4b6796fe4ff005a43639e9543f66af10db59fc4ff000db089ac924bf8a26b807718c31c66be8e9b5ecd7333b64ada58fa8bf6d2d26d5be025f3df0086d2f6128654c33b17da074f424fe15f9b92dec215cc6a6262727e6e0d7ed67ed9ff0006affe277ecd5e23d3b4648af2e6ced7edd14ca30d2988890afd485207bd7e267873459bc47aed9e9d17de9dc2e7d077fd335db16a9a76d88a306972b1ab38552d8ca75c7ad5f87c4de546a8f00051c3a15e08207eb5b5e27f0cb69b7c22834d30c09c66e25085cfa819e95abe0ff0ae9baf38b7bab17b7b82328c8e5c37eb593c5a84798f523839549722fd7fc8e5d3c59792bed5419072acb9e0e7b56dc7aedfc1a54935e2c92bf1e579870131d0fafe157f5dd221f0adee2db4e5731b72f74db53f2cd7a4782b4c7f89d6cf6377a35a8f3136acf63206118c1e48cfd39152f1cf979e3b1a2c0a52709ee79578535d5b8296e13cbbb5398597f88e3247d6bf703f643f1b2ea3f023c3179ae471c3ac0b6092f94a7e603804fb90067debf1eff64ef83f75f123e3f58e93716cd2e9da54925d5f8c7012204e09ed96007e35fa89e1cf134ba24eba0dac7140a836c3b00c95ec31ed5ad4c43568f5679935182bb3e9c9fc7f670e162859f3c7a550f1c6b579a4f83b52d4b4f086f2181a58d64195ce32335e4da87853c52ba75bea32cb2fd9e69022a420337278c81dabd57c491193c0f771b83b8db1041eb9c56d479dddc958c5ca2f48b3e48f137c7ff166abe0dd52e753d456c605824f356de30a02e0e793935f9f9abfc43d3deeae268ee44909e412d80d5f677c57d202780fc4f6ca31e65a4d81f5535f961728d149b58935e57b375aa494dec76292825647b0e93f16b4c8efbf796a5ce48396c63debd6f43fda4f4ad0b480d6ba7417572cc118190a9da4f5e9dabe3e80812820720f4af41f03e831ebb7d0c647c8b20327b8032455ce8c60b4652a9267dc5f0efe2e69de2bb39546a7169532484961f36f43d31f4ad6f88777a6dff84f52806b6ba93b427086e0264fd2bcb3e06c3e1ebaf115cdaa69b39d96636c50293b083cf1f88e6bd3754d0f4c9d591746be5dc3043427fc2b8797b1a59b3e1ef1846da75e6a82d040f6d3c8bc67732a8208c1a2bd37c69f0a2eaeb5cbb962d3e6b4b0472a5c274014919fd28ad554496a8e5945dcbdfb43687a789a3851e555798cac09e09af69fd91754817c21e36b68a3d83fb21860f73b5abcd7f688834c8e674259ee51f283381b6bb7fd876c8f89b57f1569ed731dac6fa3499de700e38feb5b6260ea51718ad485b9e9dfb08e9507897c25a7c72c225682e0a0e7be7d2befeb3f015a45a7df69cdf3433a838fee9f6af957fe09d3f0b0d9fc24b7d7d3558d9ae6ee5260080ecd9215ebef8afb54958df7b381f2e0e4d75cf0f094db688a4f955cf0ef88ff0007575dd39ef6688c33d9a623287ef63a1af07f8b160be1af0920bc0566ba68d62451f7d81071fa1afb824bab5d46d9d04b1ba37ca7e6cd7cddfb5af846dac7c2763afdae669b4dba8dd61cfca46e00e6bc3ad96ca3554e93f77aa3ae32837ccd6a7e6a7ed13f0ebed57b73aab4d0c1b8730bb7cca6bcf3e0fe8d756be2cd39ed2ec472c73a3af1904e457b57c79b0d4bc5f6dabebcf6652395b3e5a1e108c0e9f8579cfc0c91741f1259dedddbb4bf679d2531e4658020e2bd6f676a76b185d49efa1faa169e3d8f49f837aac7ab5e33dc496123be7825821e00afca3f09f83f4db2f881a25e08a28af66b3796686150aaa597e5e0700e09fcabeecf107c78d0fc5172d6fade8d7d63a448aaaad1c64ed18c1ce3d6be55f899a4d8f847c5da6ea3a744c914b78111f25b7c3b5951bd06770e3d457072e220929ab6ff0033d9c1bc3cd4945df6fc195b5ff80e3c52d712db98e5f3f1e62ba966241e083dbf0c56efc11fd9f1bfe16adb2cce6575612cb0c6bb107e03b5767a078c62b70986d8cdc01ef5c3fc4df88bac78175eb09f4d2b0dbcede64d3c7932bb740bc7615cd19ca51e5dcf7952a71973ede67a2fc6efd9634ed5fc5d772c529b192652044c328ca7191fa7515d0f807e095978374f8ae265592ea189618a48e2c6c8d780b9c9e2b89f86ff0012f5ef1de87ab43ac5cc5f6407ccb4332149a3917afcc7b7d3ad749e0bf1f6a1a8cef6972424d0e438072aebd883dc7155ccd4795a690a508b939269b307e076850e93f1c2ca4f0fdab26a0759d41352d9c6f81a398e4ffb20006bde754d623d33c5b1c86648a78d43a2bae777b56dfec89e0eb2922f147889e0c5ec961232b9f9836f27e70dd07ca00c7b9a659f8663d73c4af7772621636d0fefbcdc753d2ba610926a5bb6db3e6b34946a7b9156e54bfccf60f84ffb4be93e3eb9b8d33528e3d125b2c32b17ca4a075c71fa57a678a6e21d4340be96ddc3c32425958742315f2a789fe13e84ada7dee9f0ddda9218cbe54bb0381c9e09fd6be96d3155bc0302ae4afd9001b8e4f4af768cdcd6aaccf029b92f764ee7c91f143433a8f8775881463cd81c647d0d7e41ea795bd953272ac57f235fb61aee9a2eecee411c32b03f957e39f8ef425b1f15eb5144ca120bc9979f40e715c4972d695fa9e85ef1473ba6da3dd5dc48830ccc064f415edba0e9a7c14e6fd923b90d80636f5c75e3eb5e67e1cd323bfbc8e18a4db331041c700d7b4f854dc6a7e7d8abc5f685219a49132030e00fd2a6b32a0fb1ebff00b18f8d2f47c53bd696de2825b9b072084e3861c0cfe15f787c39d6a4f1078f2c6c2f638a7b590b6f4318c7438afcf7f831e20bfd17c7da425d4307da72d6cc634da36b0fbc3f2afbabe14fc66d2fe1c1d43fb4b4e9aee49d95a3960505971db9aaa16e53b5454a949f2dd9f4b5ff00c32f0a6a76d24173a0584b148c1981847268ae197f686b6b9b6f3a1d2678d319cccd8a2b7f694cf31c7c8fcdcf8d7e14d37514bab9962264190a738c62b8ff0081ba93784fc42c6cb114d716b2c2486ec457a97c64b1062bb89616753b89e4f15e17a06b2fa05fdbddc36a372642893a1c8c571f37beafb1ab565747d51fb1278ef58f0df812f60b69098a2bd70aa7a724935f4d6adf1935b9acfe64b5528395da7e635f2f7ec836ca7e1ceadb902ca35166381d33cff5afacb4dd12c2e745865b8863271c922bd4af157ba3969bf751c1685f17efe5b0722d238a60ed96dc719aa1f14fe221f12fc3eb9b491505c00a5cabe7a1cf4aec740f08e97736b79fe8c840b87c103e95e67f17bc330e991cc6d10441a32580ef5849a69a48d22b5573f3dfe3578bb5db9d66f2da1bc9a2d3c3fdc52429e0570bf0fda77d760fde4858b0c9e7d6be8af899710cde0b2d15844b29765691e3c9c0af9fbc3dad5dd8eb91340ea30d82368c62b0826aed8db5b23ef5974c74d12cd0dc6f2f029059720f15e6daef83478dae354d25f26782312dae4e02480654fe75f40fc2ed3db59f0569f3dc5b9959a153965a93c27e0f86dfe297886e6eac64481208b6168c853d738aee9353569abd8ca9b745b74ddae7c3dff0904b79653451b1b6bb0a533d0c4fd0fe47355b42d324d29adc7883c57710dbf5fb4da5aabbafd7735735f1727baf0dfc49f105de991b3e9f35fcd205032305cf4ab96df117c3faa696ab710a99768c8627afa57cc724a0dca1aa3ee63523251e756763dabc3c9e14f13453dae9fe2cf116a9b90896697cb8917e80293fad759f047e1b4baefc4ed2fc2ba7cb71258dc4854cd21dee910cb3b127d067af7af18f07fc64f087862c5e17b78a29075118cd7d77fb046bf2ebde39d7b5892de3b37bbd3de3d39675c141b94927eb8e9e82b5a71756a479f45731c556e4a7374f5763ee2b7f0a697e12f065ce9fa65a436b6e96c5098a3542f85c65b0064d7c53e29f8e9e00f85f7512789741bdd5ee270ce93dacc02055ec46e1ebe95f6cac53c5e059a2bebb4bab916ae25b851b559b07240ed5f9a3e05f819e13f1bd95ddf78ef54d56d268dd92082238564cf5c906be81536ea292d95cf91e573a527e87b268bf1dbc19f13ededf54b3f0edfc3034676937837041ea3757d3fe17bc8350f87b673da865b792d7281ce580c77af89bc27e12f849f077523268c75ab8923063c4d2964607d8f15f67f80ae6d350f873a7cd628d15ac96f98d1fa81ef5bfba9bb1c34e138cdb91f2e7c54f8c91fc3aba4b2934e6bcf3d0b8657031dabf2c3c61abdaea9e2cf124f2c4d17da6ee5923407ee12e4f3f9d7e8a7ed37a2c97de21d38a60279650b13d32c315f9c1f10f4efecaf1aeb16a4ee68ee59491df9ae5ab04f53d5b28c22d1278560275187c990c72c6bb838ec6bd0bc0fe284f0bea06ee63f684ba2518b750deb5e6fa36b034f0a04611d4601fef569db5e5c35b32b2aba86f97232067ae2b86ac5caf7d820ecd347d27fb2d78cecbc45fb46f8445f450fd99af76c91ddf3193b5f1fd31ef5fa75a96b1e0cf16f89068115f5adb5d4391b208d55b23d3d6bf1dbf668b7b48fe2c6857fadda4975a4457e82e618ced665f6fd2bf4e759f11fc3f87c4560f67a74965279abf6770482a31ce48feb5e860a54e107193ea706279e52bc4d1f8cde19f1a78734f69744f11a3daf2433c118688019f9b3c114579efc7492cfc696b756b60da9cf6f291f69b76b8262900c770781ed45695a54632ff002338c676dff3382f8b8caf2de058c8c93918c57cd3ab6957532c8d196648d830e3815f417c4cd74cb3cd2326f0c09277578fbead045a75cb489b613f79b3d2bc4a93b3ba3d7e5d353d2ff673f1bc9e17d1b5786e76189a40f81d41afa2bc0df1c34fd62d66b7d42eedece0b4399773754ff1ae37e1d7c0af00ea9e0db3d5e0bebd437b02bc9b65c73f4af28f891f0eadf4bf16cb69a07da25d2f60669243925bb8cd72d7cda12aae3191e7ce9ce8479e5b1f76780e7d03c4cd39d12f0cf6e06e70ac0e5bd7daab6b3e01d0bc62d225e6a1244f1ee8de18f191ed5f1b7c36d4bc51e0ab7ba1a75d5c5924ebb485c73f9d5fb1d47c6a97c6f6daeee9ee6372c0eec96268fed5a77515ab318578d4928c75679e7c6bd3b4bd1afb5ad31124bab2b59de38c962a48071935f3ddbd8597db603159884e76ef0d9c66beafbef869aa78bdae2f3c40cb64f7058bf9ac1e4624f5c2f4fce9da07c0ff000af86733f90f7b3839f36e8ee19f65e9f9d7bb0a73715d0fb8c0f0a6678eb4b93922facb4fc37fc0fa3be1e7c76d1346f86de15866b78e464b648e71128c82a39e2b9ff8b7fb5aadfaff0064f86ec869ad2a957bc9d54b8e3f847201f7c9af2ebe090c4cb0a2a2e30001dabcc7c67a7bcf234e876ba1c923f4ab74e4a2d5cfd1b07c0d84a349fb6939ceda3d927e9fe6cf30f1a68edf6a927c7999624e79cd79e5f783b49d466f365b728e4e1820c67f2af5ebcdfa9db152a4cc9f7863ad7309a63bdc02d6ed853db35f1d51d4a1369e8cf99ab86746a3a35a3aae8cbbf0ebe17e8168e973f638a59588da645dd8fcebea3f83f7171e18d76de7b56f29c700af4e4118fd6bc73e1fe9e6f2748aded8971d4804d7d29e03f055cbac724b1b291ed59d295494d4b7673d754a3070b248ebfc53f193c4762d0787ded258ed9a1678a48c822f40037007f858679538247233838f0ed43c6ba758e99705c2b4d239c413120c4735ea9f14af45bcba5d8aff00c7c5bb1989eeb9181fa135c8788bc21a6f8bace31ab592cec8a089633e5cd1b7b30ea3d8d7da539e22747dd766cd2970ad4c6606388c2cb964efa3d9aef7e9f91c4cbe318a76b7b8b8b3496ca4f94c718eadd057bcf86fe3345a47866cf4ab49c5a3ac27325c9c2e076fad78d597c309f4d7736dacbdcc006d8e0ba408c83d01e84fbe6a5ff843591984f23924f21ff9d79789cc5e05fef22ddfbe8bef47e779961f1595cf931549af55a3f47b33a1f115fe91e21b9835395fcf92d03b287c052d5f9abf1435cb7d6be22f886ea6b48e377bb7f96338518e38fcabf4565f0c43e480002b8c053dabf3a7e38e909a3fc55f11dbfdddb744e17dc03fd6b0c2e6af1b3f636b24ae7050c5baef92d6486786743b3d635486d7079e77b1e3a66bb9f065e68f67ab7d9ee62472a7e58d57209ce2bcefc29a99b3d4a178f00ff79fb0c574be1e8d64d7927dca6695c74f5cf4aecab7775d2c77c1dbef3d2f53f1ac1a56b305ae9d611d8ba7cde62a0cb9f515ebde1ff1c5c23c13dd0967b4215d84fc10f8e467d2be7cf10dc79de33d3e178c8d8d123718ef5f594fe01b1bed222889648c80db39e98af1ab62feaae2fb9c38da9ece699c76adf1bf54bed4a65b1b5ff42914ec689c00f8eaa077c515563f8076f69a8c37d15c4b1468c5844643b68ae4ab9953a92e6bbd4e19575277573b73e0a37923e6e1f6c9d548ea3f1acbd4be095beac1e3324a633fc05b02bd46390c8c0850067a62af4714ab6e645418cf1ce2bc196635a5a730a78ea8f4463f85b44d4342d22d74f4b9f2ede05daab9c9c568fd99c3bbf9ace01e405ab11c324af96955133d14e4d5b552136c60900f2cdd4d799294a6f999e7c9ce7bb33522f3092ebb231c92c781ef523789a1b7496ded5805c0604756f5ae3be28f8bff00b2525b089c798a15a52bea7a2ff5af2eff0084e65b0bab59e46261e093fec9e187f5fc2bf43c8b04b0d4beb1517bd2dbc97fc13fa338178729e0b0ab31c4c7f793dafd23d3e6f7f4b1ebf7dad3a36f924201e818f5a806aaf3267276572577a83ea5abac51b164441c0ef9ae8ade00898c611001c57d55ee7ec1caac88afaee445f97183eb5cede5c799b83c7f9574d35b6e4f51ef58d75621a5c0c8cf71432d2479fea16a2d673730ee86653f291dfdabb6f0af887c3faa5a8b6d5ec05a5c818fb444b9463ea4751552eb4b5766465cfe1c1acf5d050ca763143fddeb5c75b0d0aebdf47958dcaf0d8f5fbd5aaeab73d1341d7742f05eb49750dd5b3dbf56008c9af44d6bf69cd134fd3045a0d935dea0eb8f31c6d8a33ebead5f3ac9e1ecb0de15bdf1d6b42cf464876edc023d062b0a382852774ee7830e15c173a9d56e56e8de9f3b1dbe9de2bb8d67556bcbf91a7b895b73b49dc9ff003d2bb813cb716b23a61f032428ce07a9af2eb185632006c60839af5bf867e291a37da966b2b7d4a1b884c12433021594907a8e9c8af49ca518be4577d8fa3c4c3d852e6a30bf2ecb6ff80645b6ae60b940e7a36368fe21ff00d6ad6d365b3d656fece50079320e871d6b23c73e3216b7964961a3e9da4c124e232d0425a419ff006dc923f0c5711a1f88a549b5d7563e6a4b1c6493d48ce4d649fb54e35a1a3e8f539ea61163a84a35e9d93e8ecfaf5e9f99daeb5a43e8f2a1ded25b93c367a7d6bf3dbf68ed2679be2d7882e110b2bba90547fb02bef09be22c5a8d8c36a855e0954c52c8cbdcb8518fa139cfb57c4bf1b746d521f88bac08bcf9b2ca711296c702be76182a782c6de97c324fe5aa3f9db8938796458d8ce8ff000ea2765d9ab5d7a6b74796e9fa5cae2d9954e14fcd9e2bd0fc09e1abc7f10dadd5bc12f951ce1ce7f887d0d737a4786bc47793c71c7a6dfcdb89daab0b7cdebdabd321f0c78cb47d1da7b5d32f4dc2b2aa44b031623af3c57a55a56d1753e76166f53a9f1afc396bbd474fd6237f2633228901201ebc1afa12c3598a7d3adc24e186c50af9ee057cdde12d0fc6f7fe17bc9b51d33519657940485a160e39e480457d13e0cf085dff00c23b6626d2e6867f2c643a9c835f2d9bd29ba70e457699e6e611949465146a049aed46e6cafa9e31455c4f0e6a500045accfd82b1c03457cc7b1c43ff976fee6794a8cdee99a51bcf921203f42b5662b5bbb842242d183d114579dc9f06be27ce9997c4176cdd0f9682abb7c02f8852b664f115fb29ea0385af4d50c0c5fdb7f77f91f4b1c892de67a82592c4db55368efb980cd3f53b86b3b6694491baa293b4480102bcc62fd9e3c54d11126a77cee78ded3126aaeaff07b51f0359ff6a6a375732900c482594952c411d33f5ae8a14f0756ac694612d5f75fe47af81e1e589c453a3cff00134bf13ce7c51afb6a926a974ec59a49b77e15ca5c5e8b9d25509ced62bcf4e9566fe42f2ddc3c7cc0915c5de6a66dacaee2270db77afe1d7f4afbd6d4124b63fa7a5cb422a11564b4fb8f78f046a51bbc724a0b3bc68a00fa735dec9aac51218d9c6eeafcf7f4af18d0b5b3a0f8586a1210ac630b003d5b23ad4ba37896e1ed6069dc9df991893dc9e2ba6334b43aa324ede87b2c3249a8cf1c36f1c934ce76a471ae598fa002afb78335d7191a2dff005ff9f76ff0ae67c05a917bd9a576dbb6d2e9f39f4b790f5abda19d274dd1b44d42fdf55bbbabb8fcfdb05da24602b95c619189cedf5ef4a5296ad4adb25a3776eefbab6c7cf63f34c4e1f191c261a973b71bf4eed75715d3b915edbfd9e568e5429346c55d5970411c10476ac6d4196152f19f9979e2b4757d67fb5b52bcbd29e58b999e6299ceddcc4e33f8d5fb8d435311e9ba3e89ab268ccfa5c9a85ccce84ab9124b966dbc9f963000ff00134734b953d13b5ddef656577b26ff0003bb31ccbfb368c2a4e0e5293b5977b36ff2664b3a4f6d6f383f2c8307eb538550b95e82aa586b1aa6a9e08f11dbeb52dade6a1e1fd523b71756d1ecdea43679c024703afa51e15b9b6bed400bb2e6d22865b89423ed25638d9c8070719db8ce292a8d26e4b6edadee9356dba32f099a51c4e09e39ae58a4dbf44afe5d0d48595c8503ebcd28d5affc2971f6a1fbdb40c370f415259def86f567b758c6afa3bdc1db14b3289e224fbe138fa66b035fbfbbd3cde69d7c3794325bc84740ca71c7e55ab7284b9671717e7fd599a60b32c2666a5f579735b75dbfe0fe476de3dd46cf53d0d6e607f9d1e29467dc835e551eaef2e93ac4b1300d7779b3f0391c551d53c66d6be1a749e40aa96a92027d1720ff00e835c2f853c413cda74334cf88f99963f41d17f13c9ac2751391dd19469da95cf49bbbff002ac1521e024d142873e8727f5af621f0fbe25eb2e6ef4eb0d1c5acd878a6963cb943d33ef8af9fed9da5934bb424b1793cd7fcebf4a7c11220f0668636fcc2ce23903fd915e7e32a4a314e32b1f9b71dd38cf0f41b57f79fe47cf7a57c3cf89b6688b74ba40f409063f5a8b50f84ff0012ee6e37c1af5a5a2778d6dc37e5935f52bb479c3203f8556631b8202863fed0af0655aadefed19f8f2a71b7c28f96d3e07fc48964532f8b42c7fc5b20515ab1fecfde2e9a3dcfe30ba1ea1540cd7d350c710809f2d411de9d6fe4a83ba31d7ad6a9cddaf51fde4351d6d147cc567fb38eb73c8a2ebc4da8ba6efe16c515f50c932a90140e28a5cbde6fef61e914678b189ba2a8fa0aa977a5c2237210b1c74e99a9e39b60f526a4621e325b923b0ae394d4958ea51699521d2e15190a012338c74af9dff6b6d5c5ad9695a6467042bdc381ff007caffecd5f4867215948cff74f5af8a7f696f121d57c7ba82824c5015b7523b051cffe3c4d7765d053af7ec7dbf09619d7cca337b4137fa2fccf9cb5926db52593380c306b84f13af96f291d549c8f506bd07c571992dbcd5e769e0e2b85f149135aacc304489d7dc57bb57a9fafe317bb20b4ba9ef6d74fb5695dd16350aa4e40e2bb749995608738dcc01fa0ae0fe1d6ab672ab473826ee205539e0815d49b9df2893777e05149e9cc61869c65494933d9fc0ba822b5f34230916997a403df16d256bf852f2dfc53e1cb7b4974bd4617d3b4e9992f865603b77c8010539e4e386ae1bc0d2b5a69dab483e66fec8bd6c1ff00ae0e3fad76573a85c47e1bf0cdaa4b22dbbe9a0b441ced39965ed5d152d2a6e36d5b5677b5bdd96be7e87cd6269d6af9ec1519a8da11be8de979edaafd7d0ced3263349240dc93d335d5cd6823b896e81226b7f0e0423d43b38ffd9eb85598d96a719cfcb9af49ba837dd6ade582c5fc3f68a3dc968ffc6aeaeb09dff95fe697ea7a79f6b5b0517d6a7fed93381d07c4e97fa86b7a4ae9b6d64faacbf69b896179099a40ad83867207de3f740ac2fed69742f0e789ee0002682c4dba83dccb2a4247fdf2ed577c41e1bbcf076bd6ba9bcd6b3431dd7d9656b69d5f63f3f290391f75bf2a83e2ae8ac3c35722d98c6753d52ce2464ebb76cb21fc8aa9fcab1c37b39387b37a2946fbbd1357f3d97dc679aac352c96bc304972c9595bab9b51fd4f49975497ecde03d0886920b8bdb6d9196c01b61dec40fadc8fcab37c736f15edeea9346729712c9329f7c93fd6b88f0c43a9f863e27f85ecefb5f9bc456f0c577f6733c1e4fd91a3210ba8dcc0a865c8c633b39157c6b1226a3a869f2b6e5525e3cf60466951946d04a5cdeeb7749abb94e57d1a4fa7547170b7bf531359c5c6f25a3df48a5d1b5d2ff0033c87e26c8c3c3d61087224bc95acf1e8a183b7e85bf3a4f0fc626b94b70408a2019ff000fba2b63e23e9e927850dded064b2bd5913d70e0a9fd76d6478749b5b2209cb9e5dbfbcc7fc2a1a7ed353eb395ac4c9bf2fbbfe1ee779e120752f15c4f80c91f038afd23f095da43e16d293380b69183ff007c8afcecf8676c06aa84f2581e0f7ef5f619f88ba7e83a65bacb742378edd13630246703b0af2b37a8e9d183eeff0043e338ce0a7428f33eaff23d8dae5b76e3c0c719aa8f77b18364fa57cefac7c50d7ee754b99f497492d6651b43c6edb303b6077ad8b2f895e219f438d069f77f6cc65dfc86033ec2be4a55e5ba8b7f23f22e7a10767347be25e178b8208e45305f9442bd5b380a2bc774ff00887e224d362dda3decd32ab6f3e56dcf1c7e744be38f155cc313dbf85ef1a5c609959540f7eb5d1ed6ab49c60fee39dce8abfbc7b4457ab27f0e30719f7a2bc56d7c43f1066bb2d2787f311390165008a2b48d4c45bf852fb8cfdad0fe6fc19e94baf5a5b46bbee514b74cb567dc7c46d256d2e1d2f62db0825fe61dab9087e055a4aa3cc9afe7c7fcf4b822a783e036836aa7758ab83d4493139fccd1fd9f8e96ce2bef25e335f87f1ff804dff0ba341bcb9748eef73c7097f94f56af8ebc7fa84f7daadd5dcdf36f72c5c1c12c4e4f3ffd6afb26dbc09e11d1e440f6fa6c193b012a0e0d5af10785fc1379a15e5bdf1d2e483ca6f95e353838e08f7af632ea35b03cded5a95fe47d4643c47fd933939d2e6e6ea9eabd343f3c6668afe0747cf23f8863f5e9fcabce7c4703d8db4d6f28ca67744c391ee3357cf8daeed6f1eda4b686e9779018131b75e391c7e9587e2dd45842d2dd46d0971c6d3b8015eb4f1109a567a9fac7f6f60b194af1959f9ab7fc03cff4bbf96cfc556b1c4dc4938047b1ce6bd52d6f84ef1206e41c1ae7fe0aa68235af12eb9ae4f0bdb59e93750d9c0eac6496ee58ca4454631f2924e49e38ad7d045b192370e4b93f73bd4a7aa48f2723c4fb59d6845dd27a76f91ee1e075790dd59c72c514d75a5dd4111b8916342ed1305059880327d4f7ae8f5b6fb2c3a0dab3c0d3db582c73adbcab2aabf9921c6e5241e187435c25bee0b6ec463000e6b6a33caf5fad7a3ecdb9277d16bf3b35bfa3ec7d653c041e3563b99df9546dd34bbbf7eacb9ac444859071b4d7a8e86f7d3dbd8eada7692fe20b59f4e82d2e20b57ccb1bc6fd0a83b872aa738c62bce2ea2f36cfdf153f83eecc370222fed5bb8dee9aba6acd3bedf269f6ea4e6d963cca14f92a724a0f993b5f5b35b69d1bea9917c40d26f34df0731d42d65b0bfbcd525bcfb35c2149028ce18a9e4025ce0fb1ad3d3afec359f08f856f7509122b7b3d510dc3bf38c46dfd01acff001959b4cb3a9cb9c6477aa9f08357006a7a2cf05b5dc3280e20bcb7499370cf386070793c8acdc6f39397dabeda6fa69bec8f3ea64d3a79547034a49ca3cb66ee937169afe66b6f3393fed353e3fbe9e0bb4bdb5d1f4468bed51860af24cd216237007efce074ed53eb9a9793afdbdd29c2dc5ac67a770307f514ef1a0874d6bcb6b1d26c74949d81b836511432e0e403927001e703032067a0ac4d4e5f3f49d227c16285e0639f7047f335c518fb36ed7b2492bdaf65deda6adb7a1d593606b60694d626dcf29393b3bad5df7b2efd8c6f887a991a443003812dd21207f16031fe78a76876be6470a100e39207a9ae6be245f893c5163a64782d0af9ae01e8580c67f01fad77de14b231408f314e9c6d39c9ab8be69b3d1a52557113b6cb43bbf05446d754b4c0523cc036e3d78feb5f57c7f1cfe15785aced34ed6758b4835482144b885901756da3835f2e7872dc5acc970fb554b06cbb003afd6be8087e147867c4d3c3aadd6976b35eb81ba468c166238e4fe15a625350563e0b8fa2a584a32ed2fcd1ad73fb5b7c1ad35494d59640bff3ce33fd05667fc371fc2a33ac16a6eae5d94b616173c7d00aa337c2ef0fe9fa5deda269764164948f33cb5cc40b64f6aa7a5fc2fd0746f195adcada23a3da142db071f37a7e35e5f34ad73f10b23627fdb53c21b1dadfc39ab4ca3037fd924c64f4ed56edbf6a0bdb970d6bf0eb579222a1d49882820fd4d6f5ee85a45d5a491436e2278f692a5401c62b7e2b9b4d3ee12093cb8f23e503ee9a5ed27fcc2b2ec7116ffb49789757665d37e1d5fc8c32086645c63af7a2bb9b0d56c2da7ba89258edee125243e40041e68a6a73fe6fc84d2ec7c99a2f8dbe3ff89024526a76ba782b9f9632c47d6a8f8afc27f1c5ede5bb9bc7722c4b8ca45105ebc57d0f2eada3e977e85efed6d408b399240a78238aa1acfc42f0edde9d77630dfdbdf4d2464c71c1b9ce7d320715e22af2bbbc8f59d34ada1e0e7e0278cafad435ef8d75697e5de7e7da338f6ab563fb2e43a96870ddeabe20d527959773eeba7c31efc66bda6c3c7da7ddd9f976715dcec836989addfae3dc567df7c4c3a36822dcf87afc4bb597255550f079c93597336f735b591f014fa698b5c9a34c911b9504fb1ac0f88524b1d9b2c80f03ad77765a55fea37d34f15b48fb896c80715c37c4c1770dabadcdbb42dd30c2bd7841f326d1ea539a54d9e85e07f0b5a691fb2c5aead34086ff00c41e221024ac3e610c641383f543f9d5fd37c32b61229920f9d3eeb11d456a69f617571fb3dfc35d39e42d6aa977771c61000acd2f5cf53d7f5aeafc2f7b0de46ba66a2365ea28d9291c483b1fad7af86827cd26b76ffc8fd3f84b0d186055596f36dfdcec64c38312e4920f040ad181cb2f3f78707fa1fc69dac69a74e7652a3667208a82de45186079604107bd77ec7dd434d0eaed47996009239acfb526cef430ec7f4ab1a45c66cc83ca838c7714cbc8b0cc471819fad59ab3a8d62d56f2c219f83b9304815e5da7cede19f1c412e76233e0e7d0d7a8e8338bdd15a26e4a0cf35e79f1134e31b457880ee46ce454d4dae82f74747f137435761731ae5255de08af36b5837687a8c6ff00f2eccb720f5385386ffc7493f857b1daca3c4fe04b69c7cf2dbfcadf4af3eb4b216bab1490030cb98dc7aa9e0ff3ac6a46eefdc4ef28dd6e7cb1a0f8a25f16f8d6fb5130991ee272515db6854e8a33ec00af66d4750f12697a74690416d02638913e723f3c0fd2bca3c39e147f0afc48d57496423ecb724283fdd3cafe8457d1f05aa5d69b12b8dc71debc3c5579d29b50763f1aa38ec7d0a7284aa5a5777db7bebaee79f7c3ff0085b27c4af175b0f10ea3a8476d193399a02aee597900070571f81afb43469f54d1344b7b6b1d5af9ed60023679444253e9c85c7e95e3de0cd266b571f62497ceda702dd37374e6bd2edad75c97c307cab0bbf30c8363b458278ebcf5a709a9524e6f5f53e0b30c4d775654dc9b8bd75efdcd9d521b7b977135e5fa3ca374844df2b3762463159cdacf9e2d824f3ef0b8138b860d8feed54d2f4ed62f2f522bed39a2901c3cd24c360ff80e6b2a6f0ef88639d3115959db2b9512c9701bf303a56f0fabc5f33dac784e752d6bea76dff09143a2496b3b8f38ddc44069e469083d30466a9ddded96a768f72d661a48406daacd8eb83deab5df83f51d7749b76b4d434d678d089c09882083c6de2a3d07c27ac2e99751aea7a7baca981e6b36f53efc7358fb5c3a8db4bb0e695ef7d05bbd56d753b884cba7c1e560202508207f9ef4549e12f0dea316b32d9ea5ad59c70a00c9222160c3b819e9454cab61e6ef1b7e038395be229585b9b7bc8ed56c2c65859b990c2329edcf35a6daa4be1fd54db2430456ccbb564e01ddee4d14571462a33563d87ac5dc8eff005abcd1ae636b3f34c97583229e41f7f635cb78e2feedfc357b24f2308870a3bee3c0fe745159c55db5e65be872fe13d0126b44c2801570302b17e28781a0d5745b88e5815d8a9fbc3be28a2bbeabb48f6e84538598ff000f25ade7c26f05dac67e7b082781e323ee90e33fcab3f55d384f6a1d0f977109dc8e3ad1457b587fe1fde7eb7c32af95534fa397fe94cc6b8f16dc6a0896f3ff00ac8cf4fef55ab094489919539e868a2b68b6d9f4d4dbbea6fe9129491d48f95ab56555930380c50e327ad1456c8dcb1e18bb16f762363f2b7ca476a3c5ba67db74cb9888f993a7b8a28a7d06b72a7c15d443c977a3cedc48a5403eb56355d11a2d4258f007cc7b73451511578a222fde68f14f1b787d62f8be2e970a6f2ce291ff00de5dc87ff4115e9ba36993493c09e5b3ab0e768cd1457cc6355eb33f20cd92862eaa8f77f89ea9a569b3e871c37706fb7603697180402307f9d6d0f12dcdb5afd8daee75755cac6dc93f8d14578d8b94a128c62fa1f946755a70acb95db4fd486f35037b1292c1dcfccc7a367d2aada59bb2cb105f3cc8412739a28af31defbb3e51d6a9369c9965348bcb326648d638f070411d3e94aad732320444d8adf7b6fde345153ca84e728ecc4115c34e5de3fde1f940c0c514514230e79773ffd9);

-- --------------------------------------------------------

--
-- Table structure for table `branch`
--

CREATE TABLE `branch` (
  `Branch_ID` varchar(20) NOT NULL,
  `Branch_Name` text NOT NULL,
  `Semester` int(1) NOT NULL
) ENGINE=InnoDB DEFAULT CHARSET=latin1;

--
-- Dumping data for table `branch`
--

INSERT INTO `branch` (`Branch_ID`, `Branch_Name`, `Semester`) VALUES
('14001', 'computer science', 8),
('14002', 'information science', 8),
('14003', 'mechanical engineering', 8),
('14004', 'electrical engineering', 8),
('14005', 'telecommunication', 8),
('14006', 'electronics', 8),
('15001', 'computer science', 7),
('15002', 'information science', 7),
('15003', 'mechanical engineering', 7),
('15004', 'electrical engineering', 7),
('15005', 'telecommunication', 7),
('15006', 'electronics', 7);

-- --------------------------------------------------------

--
-- Table structure for table `company`
--

CREATE TABLE `company` (
  `Company_ID` varchar(20) NOT NULL,
  `Company_name` varchar(20) NOT NULL,
  `Date` varchar(20) NOT NULL,
  `CTC` int(15) NOT NULL,
  `Job_description` varchar(150) NOT NULL,
  `net_worth` varchar(25) DEFAULT NULL,
  `share_price` varchar(25) DEFAULT NULL,
  `annual_revenue` varchar(25) DEFAULT NULL
) ENGINE=InnoDB DEFAULT CHARSET=latin1;

--
-- Dumping data for table `company`
--

INSERT INTO `company` (`Company_ID`, `Company_name`, `Date`, `CTC`, `Job_description`, `net_worth`, `share_price`, `annual_revenue`) VALUES
('1000', 'Biztime IT solutions', '1/1/2018', 4, 'software admin', NULL, NULL, NULL),
('1001', '4SPL Technologies', '1/3/2018', 4, 'software admin', NULL, NULL, NULL),
('1002', 'Alopa Infotech priva', '1/4/2018', 4, 'software admin', NULL, NULL, NULL),
('1003', 'Asia University, CL', '1/5/2018', 4, 'software admin', NULL, NULL, NULL),
('1004', 'Betsol', '1/6/2018', 4, 'software admin', '$500 Million', '$15', '$13 Million'),
('1005', 'C Square info Soluti', '1/7/2018', 4, 'software admin', NULL, NULL, NULL),
('1006', 'CGI Group', '1/8/2018', 4, 'software admin', NULL, NULL, NULL),
('1007', 'Contineo (e-Sutra Ch', '1/9/2018', 4, 'software admin', NULL, NULL, NULL),
('1008', 'CyPhySignals India P', '1/10/2018', 4, 'software admin', NULL, NULL, NULL),
('1009', 'Dalvkot private limi', '1/11/2018', 4, 'software admin', NULL, NULL, NULL),
('1010', 'Defence Avionics Res', '1/12/2018', 4, 'software admin', NULL, NULL, NULL),
('1011', 'EMS Webtech Private ', '1/13/2018', 4, 'software admin', NULL, NULL, NULL),
('1012', 'e-Sutra Chronicles(C', '1/14/2018', 4, 'software admin', NULL, NULL, NULL),
('1013', 'Fidrox Technologies ', '1/15/2018', 4, 'software admin', NULL, NULL, NULL),
('1014', 'Gadget Software Indi', '1/16/2018', 4, 'software engineer', NULL, NULL, NULL),
('1015', 'Giftolexia - IIMB NS', '1/17/2018', 4, 'software engineer', NULL, NULL, NULL),
('1016', 'Glisten Project Solu', '1/18/2018', 4, 'software engineer', NULL, NULL, NULL),
('1017', 'GRID R&D', '1/19/2018', 4, 'software engineer', NULL, NULL, NULL),
('1018', 'Hindustan AERONAUTIC', '1/20/2018', 4, 'software engineer', NULL, NULL, NULL),
('1019', 'JS Tigers', '1/23/2018', 4, 'software engineer', NULL, NULL, NULL),
('1020', 'Knowx Innovations Pr', '1/24/2018', 4, 'software engineer', NULL, NULL, NULL),
('1021', 'Leapx labs', '1/25/2018', 4, 'software engineer', NULL, NULL, NULL),
('1022', 'Levtech Consulting S', '1/26/2018', 5, 'software engineer', NULL, NULL, NULL),
('1023', 'Metaoption Software ', '1/28/2018', 5, 'software engineer', NULL, NULL, NULL),
('1024', 'nano robotics embedd', '1/29/2018', 5, 'software engineer', NULL, NULL, NULL),
('1025', 'NanoKernel Ltd', '1/30/2018', 5, 'data scientist', NULL, NULL, NULL),
('1026', 'NEC  Technologies In', '1/31/2018', 5, 'data scientist', NULL, NULL, NULL),
('1027', 'NETSCOUT', '2/1/2018', 5, 'data scientist', NULL, NULL, NULL),
('1028', 'NETSCOUT Systems Sof', '2/2/2018', 5, 'data scientist', NULL, NULL, NULL),
('1029', 'NTTF', '2/3/2018', 5, 'data scientist', NULL, NULL, NULL),
('1030', 'OLD DOMINION UNIVERS', '2/4/2018', 5, 'data scientist', NULL, NULL, NULL),
('1031', 'opta cabs pvt ltd', '2/5/2018', 5, 'data scientist', NULL, NULL, NULL),
('1032', 'Opta Cabs Pvt. Ltd.', '2/6/2018', 5, 'data scientist', NULL, NULL, NULL),
('1033', 'Pierian Services Pvt', '2/7/2018', 5, 'data scientist', NULL, NULL, NULL),
('1034', 'Racetrack.ai', '2/8/2018', 5, 'data scientist', NULL, NULL, NULL),
('1035', 'Razorthink Technolog', '2/9/2018', 5, 'data analyst', NULL, NULL, NULL),
('1036', 'Robert Bosch', '2/10/2018', 5, 'data analyst', NULL, NULL, NULL),
('1037', 'Samartha InfoSolutio', '2/11/2018', 5, 'data analyst', NULL, NULL, NULL),
('1038', 'Sasken Technologies ', '2/12/2018', 5, 'data analyst', NULL, NULL, NULL),
('1039', 'Siemens Gamesa Renew', '2/13/2018', 5, 'data analyst', NULL, NULL, NULL),
('1040', 'SmartFocus Solutions', '2/14/2018', 5, 'data analyst', NULL, NULL, NULL),
('1041', 'Sonata Software Ltd.', '2/15/2018', 6, 'data analyst', NULL, NULL, NULL),
('1042', 'TATA Advanced Materi', '2/16/2018', 6, 'data analyst', NULL, NULL, NULL),
('1043', 'Tavant Technologies ', '2/17/2018', 6, 'data analyst', NULL, NULL, NULL),
('1044', 'Techciti Technologie', '2/18/2018', 6, 'data analyst', NULL, NULL, NULL),
('1045', 'Tech-fortune Technol', '2/19/2018', 6, 'developer', NULL, NULL, NULL),
('1046', 'Techvier Pvt. Ltd.', '2/20/2018', 6, 'developer', NULL, NULL, NULL),
('1047', 'Tequed Labs', '2/21/2018', 6, 'developer', NULL, NULL, NULL),
('1048', 'Thoughtclan', '2/22/2018', 6, 'developer', 'Rs. 5,00,00,000', 'Rs. 750', 'Rs. 1,50,50,000'),
('1049', 'TrackRover Mobility ', '2/23/2018', 6, 'developer', NULL, NULL, NULL),
('1050', 'Vision Digital India', '2/24/2018', 6, 'researcher', NULL, NULL, NULL),
('1051', 'Vivarttana Technolog', '2/25/2018', 6, 'researcher', NULL, NULL, NULL),
('1052', 'Volvo group connecte', '2/26/2018', 6, 'researcher', NULL, NULL, NULL),
('1053', 'Accenture', '3/25/2018', 6, 'hardware engineer', '$104.2 Billion', '$159', '$41.603 Billion'),
('1054', 'KPMG', '4/25/2018', 5, 'finance advisor', '$29 Billion', '$49', '$697 Million'),
('1055', 'Cognizant', '5/25/2018', 6, 'project lead', '$16.01 Billion', '$62.78', '$2 Billion'),
('1056', 'Dell', '6/25/2018', 7, 'market engineer', '$35 Billion', '$120', '$14 Million');

-- --------------------------------------------------------

--
-- Table structure for table `registered`
--

CREATE TABLE `registered` (
  `User_ID` varchar(20) NOT NULL,
  `Company_ID` varchar(20) NOT NULL
) ENGINE=InnoDB DEFAULT CHARSET=latin1;

--
-- Dumping data for table `registered`
--

INSERT INTO `registered` (`User_ID`, `Company_ID`) VALUES
('1BG15CS013', '1048'),
('1BG15CS005', '1004'),
('1BG15CS013', '1048'),
('1BG15CS013', '1048');

-- --------------------------------------------------------

--
-- Table structure for table `requirements`
--

CREATE TABLE `requirements` (
  `Company_ID` varchar(20) NOT NULL,
  `10th_cutoff` int(2) NOT NULL,
  `12th_cutoff` int(2) NOT NULL,
  `CGPA` int(2) NOT NULL,
  `Active_Back_logs` int(2) NOT NULL
) ENGINE=InnoDB DEFAULT CHARSET=latin1;

--
-- Dumping data for table `requirements`
--

INSERT INTO `requirements` (`Company_ID`, `10th_cutoff`, `12th_cutoff`, `CGPA`, `Active_Back_logs`) VALUES
('1000', 45, 45, 5, 1),
('1001', 46, 46, 5, 1),
('1002', 47, 47, 5, 1),
('1003', 48, 48, 5, 1),
('1004', 49, 49, 5, 1),
('1005', 50, 50, 6, 2),
('1006', 51, 51, 6, 2),
('1007', 52, 52, 6, 2),
('1008', 53, 53, 6, 3),
('1009', 54, 54, 6, 3),
('1010', 55, 55, 6, 3),
('1011', 56, 56, 6, 1),
('1012', 57, 57, 6, 1),
('1013', 58, 58, 6, 1),
('1014', 59, 59, 6, 1),
('1015', 60, 60, 7, 2),
('1016', 61, 61, 7, 2),
('1017', 62, 62, 7, 22),
('1018', 63, 63, 7, 2),
('1019', 64, 64, 7, 2),
('1020', 65, 65, 7, 2),
('1021', 66, 66, 7, 1),
('1022', 67, 67, 7, 1),
('1023', 68, 68, 7, 1),
('1024', 69, 69, 7, 4),
('1025', 70, 70, 8, 2),
('1026', 71, 71, 8, 1),
('1027', 72, 72, 8, 1),
('1028', 73, 73, 8, 1),
('1029', 74, 74, 8, 0),
('1030', 75, 75, 8, 0),
('1031', 76, 76, 8, 0),
('1032', 77, 77, 8, 0),
('1033', 78, 78, 8, 0),
('1034', 79, 79, 8, 0),
('1035', 80, 80, 9, 0),
('1036', 81, 81, 9, 0),
('1037', 82, 82, 9, 0),
('1038', 83, 83, 9, 0),
('1039', 84, 84, 9, 0),
('1040', 85, 85, 9, 0),
('1041', 86, 86, 9, 0),
('1042', 87, 87, 9, 0),
('1043', 88, 88, 9, 0),
('1044', 89, 89, 9, 0),
('1045', 90, 90, 10, 0),
('1046', 91, 91, 10, 0),
('1047', 92, 92, 10, 0),
('1048', 93, 93, 10, 0),
('1049', 94, 94, 10, 0),
('1050', 95, 95, 10, 0),
('1051', 96, 96, 10, 0),
('1052', 97, 97, 10, 0),
('1053', 90, 50, 7, 1),
('1054', 85, 75, 7, 1),
('1055', 80, 70, 7, 1),
('1056', 75, 70, 6, 1);

-- --------------------------------------------------------

--
-- Table structure for table `student`
--

CREATE TABLE `student` (
  `user_id` varchar(20) NOT NULL,
  `Branch_ID` varchar(20) NOT NULL,
  `St_Ph_No` bigint(50) NOT NULL,
  `St_10th` int(2) NOT NULL,
  `St_12th` int(2) NOT NULL,
  `St_CGPA` int(2) NOT NULL,
  `Backlogs` int(2) NOT NULL
) ENGINE=InnoDB DEFAULT CHARSET=latin1;

--
-- Dumping data for table `student`
--

INSERT INTO `student` (`user_id`, `Branch_ID`, `St_Ph_No`, `St_10th`, `St_12th`, `St_CGPA`, `Backlogs`) VALUES
('1BG15CS062', '15002', 9902493666, 50, 99, 5, 0),
('1BG15CS073', '15003', 7795811974, 51, 98, 5, 0),
('1BG15CS102', '15004', 9731625681, 52, 97, 5, 0),
('1BG15CS104', '15005', 9483960975, 53, 96, 5, 0),
('1BG15CS112', '15006', 9108194317, 54, 95, 6, 0),
('1BG16CS004', '14002', 9632579793, 56, 93, 6, 0),
('1BG16CS006', '14003', 9739088954, 57, 92, 6, 0),
('1BG16CS007', '14004', 9480784894, 58, 91, 6, 0),
('1BG16CS008', '14005', 8709035925, 59, 90, 6, 0),
('1BG16CS010', '14006', 8660702032, 60, 89, 6, 0),
('1BG16CS013', '15001', 9739703140, 61, 88, 6, 0),
('1BG16CS015', '15002', 9900581905, 62, 87, 6, 0),
('1BG16CS016', '15003', 8095221462, 63, 86, 6, 0),
('1BG16CS019', '15004', 9535507781, 64, 85, 7, 0),
('1BG16CS022', '15005', 9482056503, 65, 84, 7, 0),
('1BG16CS027', '15006', 8050105153, 66, 83, 7, 0),
('1BG16CS034', '14002', 8762619766, 68, 81, 7, 0),
('1BG16CS035', '14003', 7019132021, 69, 80, 7, 1),
('1BG16CS036', '14004', 9483203425, 70, 79, 7, 1),
('1BG16CS038', '14005', 8867674044, 71, 78, 7, 1),
('1BG16CS039', '14006', 8660472607, 72, 77, 7, 1),
('1BG16CS042', '15001', 9148566611, 73, 76, 7, 1),
('1BG16CS044', '15002', 8861103652, 74, 75, 8, 1),
('1BG16CS046', '15003', 9535604979, 75, 74, 8, 1),
('1BG16CS048', '15004', 9434223367, 76, 73, 8, 1),
('1BG16CS049', '15005', 8296764424, 77, 72, 8, 2),
('1BG16CS059', '14002', 9379627978, 80, 69, 8, 2),
('1BG16CS061', '14003', 8762066074, 81, 68, 8, 2),
('1BG16CS063', '14005', 7013334071, 83, 66, 8, 0),
('1BG16CS066', '14006', 9449245632, 84, 65, 9, 0),
('1BG16CS067', '15001', 9845088994, 85, 64, 9, 1),
('1BG16CS070', '15002', 9902543972, 86, 63, 9, 1),
('1BG16CS071', '15003', 8095130073, 87, 62, 9, 12),
('1BG16CS072', '15004', 9482486534, 88, 61, 9, 2),
('1BG16CS075', '15005', 7829381475, 89, 60, 9, 21),
('1BG16CS076', '15006', 9964359550, 90, 59, 9, 11),
('1BG16CS077', '14001', 9538706927, 91, 58, 9, 1),
('1BG16CS078', '14002', 9108233773, 92, 57, 9, 10),
('1BG16CS080', '14003', 7349469029, 93, 56, 9, 0),
('1BG16CS081', '14004', 8904834126, 94, 55, 10, 0),
('1BG16CS082', '14005', 8296260579, 95, 54, 10, 0),
('1BG16CS085', '14006', 8296126127, 96, 53, 10, 0),
('1BG16CS086', '15001', 9663671644, 97, 52, 10, 0),
('1BG16CS089', '15002', 7892475155, 98, 55, 10, 0),
('1BG16CS096', '15003', 6361403358, 99, 58, 10, 1),
('1BG16CS097', '15004', 7019947703, 100, 61, 10, 1),
('1BG16CS099', '15005', 8861381016, 99, 64, 10, 1),
('1BG16CS101', '15006', 9743151639, 98, 67, 10, 1),
('1BG16CS103', '14001', 9945632589, 97, 70, 10, 0),
('1BG16CS105', '14002', 7019598809, 96, 73, 10, 0),
('1BG16CS106', '14003', 7204587699, 95, 76, 9, 0),
('1BG16CS107', '14004', 9739877573, 94, 79, 9, 0),
('1BG16CS109', '14005', 9632574574, 93, 82, 9, 2),
('1BG16CS111', '14006', 9743151649, 92, 85, 9, 2),
('1BG16CS116', '15001', 8603806968, 91, 88, 9, 2),
('1BG16CS117', '15002', 7022202242, 90, 91, 9, 20),
('1BG16CS123', '15003', 9945066435, 89, 94, 9, 0),
('1BG16CS126', '15004', 9787351380, 88, 97, 9, 0),
('1BG16CS127', '15005', 9663624792, 87, 100, 9, 0),
('1BG16CS128', '15006', 9449614617, 86, 95, 9, 0),
('1BG16CS129', '14001', 8277341907, 85, 90, 8, 0),
('1BG17CS403', '14002', 8277387549, 84, 85, 8, 2),
('1BG17CS407', '14003', 9538298725, 83, 80, 8, 2),
('1BG17CS416', '14004', 9071177352, 82, 75, 8, 2),
('1BG17CS421', '14005', 9980905315, 81, 70, 8, 20),
('1BG15CS005', '14006', 9066319579, 80, 65, 8, 0),
('1BG15CS114', '15001', 9680535793, 79, 60, 8, 0),
('1BG15CS130', '15002', 9663739195, 78, 55, 8, 0),
('1BG15CS131', '15003', 8867905870, 77, 50, 8, 0),
('1BG16CS002', '15004', 8073936289, 76, 89, 8, 0),
('1BG16CS005', '15005', 8073498359, 75, 88, 7, 1),
('1BG16CS009', '15006', 9481630267, 74, 54, 7, 1),
('1BG16CS011', '14001', 8892100912, 73, 51, 7, 11),
('1BG16CS012', '14002', 8423629760, 72, 55, 7, 0),
('1BG16CS017', '14003', 7019978056, 71, 59, 7, 0),
('1BG16CS018', '14004', 7760227731, 70, 79, 7, 0),
('1BG16CS020', '14005', 9538505100, 69, 59, 7, 0),
('1BG16CS021', '14006', 9900561696, 68, 79, 7, 0),
('1BG16CS023', '15001', 8197939949, 67, 80, 7, 0),
('1BG16CS024', '15002', 8310731473, 66, 81, 7, 0),
('1BG16CS025', '15003', 9632068250, 65, 82, 6, 0),
('1BG16CS026', '15004', 9686565324, 64, 83, 6, 0),
('1BG16CS028', '15005', 8310411374, 63, 84, 6, 0),
('1BG16CS031', '15006', 9008269490, 62, 85, 6, 0),
('1BG16CS033', '14001', 7259448958, 61, 86, 6, 0),
('1BG16CS037', '14002', 9632408581, 60, 87, 6, 0),
('1BG16CS041', '14003', 8310711675, 59, 88, 6, 0),
('1BG16CS043', '14004', 7985199972, 60, 89, 6, 0),
('1BG16CS050', '14005', 9591621212, 59, 90, 6, 0),
('1BG16CS052', '14006', 9019747098, 61, 91, 6, 0),
('1BG16CS055', '15001', 9901518002, 60, 92, 5, 0),
('1BG16CS056', '15002', 9901518002, 62, 93, 5, 0),
('1BG16CS057', '15003', 9900275326, 61, 94, 5, 0),
('1BG16CS060', '15004', 7760204444, 63, 95, 5, 0),
('1BG16CS064', '15005', 8660868525, 62, 96, 5, 0),
('1BG16CS065', '15006', 8660546124, 64, 97, 5, 0),
('1BG16CS069', '14001', 9916508489, 63, 98, 5, 0),
('1BG16CS073', '14002', 8618101711, 65, 99, 5, 0),
('1BG16CS074', '14003', 7406092508, 64, 100, 5, 0),
('1BG16CS079', '14004', 7406092508, 66, 99, 5, 0),
('1BG16CS083', '14005', 9448304650, 65, 98, 6, 0),
('1BG16CS084', '14006', 8867808606, 67, 97, 6, 0),
('1BG16CS087', '15001', 8197376668, 66, 96, 6, 0),
('1BG16CS088', '15002', 9844554000, 68, 95, 6, 0),
('1BG16CS090', '15003', 9844554000, 67, 94, 6, 0),
('1BG16CS092', '15004', 7760482759, 69, 93, 6, 0),
('1BG16CS093', '15005', 9036400542, 68, 92, 6, 0),
('1BG16CS094', '15006', 9663683081, 70, 91, 6, 0),
('1BG16CS095', '14001', 9663683081, 69, 90, 6, 1),
('1BG16CS098', '14002', 8095070662, 71, 89, 6, 1),
('1BG16CS100', '14003', 7899041927, 70, 88, 7, 1),
('1BG16CS102', '14004', 9486033375, 72, 87, 7, 1),
('1BG16CS104', '14005', 8105573177, 71, 86, 7, 1),
('1BG16CS108', '14006', 9591081821, 73, 85, 7, 1),
('1BG16CS110', '15001', 9663505127, 72, 84, 7, 1),
('1BG16CS112', '15002', 9108554009, 74, 83, 7, 1),
('1BG16CS113', '15003', 8762018728, 73, 82, 7, 1),
('1BG16CS114', '15004', 9743853295, 75, 81, 7, 1),
('1BG16CS115', '15005', 9743853295, 74, 80, 7, 1),
('1BG16CS118', '15006', 7019119371, 76, 79, 7, 1),
('1BG16CS119', '14001', 8722794772, 75, 78, 8, 0),
('1BG16CS121', '14002', 9901018377, 77, 77, 8, 0),
('1BG16CS124', '14003', 8792311848, 76, 76, 8, 0),
('1BG16CS125', '14004', 7795579075, 78, 75, 8, 0),
('1BG17CS400', '14005', 9066678887, 77, 74, 8, 0),
('1BG17CS401', '14006', 9066678887, 79, 73, 8, 0),
('1BG17CS402', '15001', 9945774095, 78, 72, 8, 0),
('1BG17CS404', '15002', 9066519472, 80, 71, 8, 0),
('1BG17CS405', '15003', 8050072324, 79, 70, 8, 0),
('1BG17CS406', '15004', 9632841243, 81, 69, 8, 0),
('1BG17CS411', '15005', 9590922165, 80, 68, 9, 0),
('1BG17CS412', '15006', 9066796848, 82, 67, 9, 0),
('1BG17CS413', '14001', 8951931973, 81, 66, 9, 0),
('1BG17CS414', '14002', 8951931974, 83, 65, 9, 0),
('1BG17CS417', '14003', 8951931975, 82, 64, 9, 0),
('1BG17CS418', '14004', 8951931976, 84, 63, 9, 0),
('1BG17CS419', '14005', 8951931977, 83, 62, 9, 0),
('1BG17CS420', '14006', 8951931978, 85, 61, 9, 0),
('1BG17CS422', '15001', 8951931979, 84, 60, 9, 0),
('1BG17CS423', '15002', 8951931980, 86, 59, 9, 0);

-- --------------------------------------------------------

--
-- Table structure for table `user`
--

CREATE TABLE `user` (
  `User_ID` varchar(20) NOT NULL,
  `User_name` text NOT NULL,
  `User_email` varchar(30) NOT NULL,
  `User_password` varchar(30) NOT NULL
) ENGINE=InnoDB DEFAULT CHARSET=latin1;

--
-- Dumping data for table `user`
--

INSERT INTO `user` (`User_ID`, `User_name`, `User_email`, `User_password`) VALUES
('1bg14cs009', 'jbabu', 'jbabu@gmail.com', 'jbabu123'),
('1BG15CS005', 'Ahad', 'ahadkhan98@gmail.com', '1BG15CS005'),
('1BG15CS013', 'Aneesh Tewari', 'aneeshforus@gmail.com', '1BG15CS013'),
('1BG15CS062', 'Nikhilesha N', 'nikhilesha3666@gmail.com', '1BG15CS062'),
('1BG15CS073', 'Prashanth Kumar Mishra', 'prashant.foruss@gmail.com', '1BG15CS073'),
('1BG15CS102', 'Siddarth S Bellur', '', '1BG15CS102'),
('1BG15CS104', 'Soumil S Sinha', 'soumilsinha9626@gmail.com', '1BG15CS104'),
('1BG15CS112', 'Tanushree R', 'tanushreeravi27@gmail.com', '1BG15CS112'),
('1BG15CS114', 'Vandana Sathish ', '', '1BG15CS114'),
('1BG15CS130', 'Pramod N', '', '1BG15CS130'),
('1BG15CS131', 'Praveen Kumar S', '', '1BG15CS131'),
('1BG16CS001', 'Aakash Kumar', 'aakashthecoder@gmail.com', '1BG16CS001'),
('1BG16CS002', 'Abhishek Dubey', 'abhishekdubey.jn@gmail.com', '1BG16CS002'),
('1BG16CS004', 'Abhishek R', 'abhishekr.ar53@gmail.com', '1BG16CS004'),
('1BG16CS005', 'Abhishek V Reddy', '', '1BG16CS005'),
('1BG16CS006', 'Adarsh', 'adarshs169@gmail.com', '1BG16CS006'),
('1BG16CS007', 'Adithya V Hebbar', 'adithyahebbar0@gmail.com', '1BG16CS007'),
('1BG16CS008', 'Aditya Raj', 'jaiswal.adityavarun02@gmail.co', '1BG16CS008'),
('1BG16CS009', 'Aishwarya J', 'aishwaryajai95@gmail.com', '1BG16CS009'),
('1BG16CS010', 'Aishwarya Kurnutala', 'aishwaryakurnutala01@gmail.com', '1BG16CS010'),
('1BG16CS011', 'Akhila Maram', 'akhilamaram05@gmail.com', '1BG16CS011'),
('1BG16CS012', 'Akshatha N', 'akshatha.n.holla@gmail.com', '1BG16CS012'),
('1BG16CS013', 'Ameen Pasha', 'ameen2614pasha@gmail.com', '1BG16CS013'),
('1BG16CS015', 'Anjali George P', 'anjaligeorgep@gmail.com', '1BG16CS015'),
('1BG16CS016', 'Anjolie Patil', 'anjoliepatil@gmail.com', '1BG16CS016'),
('1BG16CS017', 'Ankit Kumar', 'akankit600@gmail.com ', '1BG16CS017'),
('1BG16CS018', 'Ankitha S', 'ankithasudarshan98@gmail.com', '1BG16CS018'),
('1BG16CS019', 'Anouksha K S', 'anouksha1998@gmail.com', '1BG16CS019'),
('1BG16CS020', 'Anusha H', 'anushah438@gmail.com', '1BG16CS020'),
('1BG16CS021', 'Archita V', '', '1BG16CS021'),
('1BG16CS022', 'Ashik A Jain', 'ashikjain44@gmail.com', '1BG16CS022'),
('1BG16CS023', 'Asmita V', '', '1BG16CS023'),
('1BG16CS024', 'Avinash Singh', 'avinash80801@gmail.com', '1BG16CS024'),
('1BG16CS025', 'Ayushi Rai', 'ayushiraii1997@gmail.com', '1BG16CS025'),
('1BG16CS026', 'Bhavana N M', 'bhavananm.04@gmail.com', '1BG16CS026'),
('1BG16CS027', 'Bhavyadeep Purswani', '', '1BG16CS027'),
('1BG16CS028', 'Bhuvana P', 'bhuvanap2311@gmail.com', '1BG16CS028'),
('1BG16CS031', 'Chandana B T', 'chandanabt10@gmail.com', '1BG16CS031'),
('1BG16CS032', 'Chandramouli BhatM', 'chandramoulibhatm@gmail.com', '1BG16CS032'),
('1BG16CS033', 'Charan Kumar C', 'charankumar715@gmail.com', '1BG16CS033'),
('1BG16CS034', 'Darpan D Raj', 'darpanraj00@gmail.com', '1BG16CS034'),
('1BG16CS035', 'Debansu Satpathy', 'ds.satpathy98@gmail.com', '1BG16CS035'),
('1BG16CS036', 'Divya R', 'rajudivya6@gmail.com', '1BG16CS036'),
('1BG16CS037', 'Dyuthi', 'dyuthis5@gmail.com', '1BG16CS037'),
('1BG16CS038', 'G Lekhana', 'lekhanag.3003@gmail.com', '1BG16CS038'),
('1BG16CS039', 'Gaurav Gupta', '', '1BG16CS039'),
('1BG16CS041', 'Harshith R M', 'harshu98@gmail.com', '1BG16CS041'),
('1BG16CS042', 'Harshitha A', 'harshithaa98@gmail.com', '1BG16CS042'),
('1BG16CS043', 'Harshitha P', 'harshithap1998@gmail.com', '1BG16CS043'),
('1BG16CS044', 'Hithaishi Ramakrishna', 'hitharamakrishna@gmail.com', '1BG16CS044'),
('1BG16CS045', 'babutest', 'jairajpisupati98@gmail.com', 'vhjl'),
('1BG16CS046', 'Ruchita Sudarshan K', 'ruchitaks21@gmail.com', '1BG16CS046'),
('1BG16CS048', 'Kishan Kumar Jaiswal', 'kishanjaiswal527@gmail.com', '1BG16CS048'),
('1BG16CS049', 'Krithi Hegde', 'krithihegde04@gmail.com', '1BG16CS049'),
('1BG16CS050', 'Kritika Sarda', 'kritisarda08@gmail.com', '1BG16CS050'),
('1BG16CS051', 'Kruthi Y M', 'kruthi.ym@gmail.com', '1BG16CS051'),
('1BG16CS052', 'Kshithij R Kikkeri', 'kshithij@ymail.com', '1BG16CS052'),
('1BG16CS054', 'Likhitha A', 'alikhitha04@gmail.com', '1BG16CS054'),
('1BG16CS055', 'Likitha B', '', '1BG16CS055'),
('1BG16CS056', 'M Swathi', 'swathimurali98@gmail.com', '1BG16CS056'),
('1BG16CS057', 'Mahalakshmi N', 'coolmadhu2698@gmail.com', '1BG16CS057'),
('1BG16CS059', 'Manu K J', 'manu1998kj@gmail.com', '1BG16CS059'),
('1BG16CS060', 'Mithi Akanksha', 'mithi.cule@gmail.com', '1BG16CS060'),
('1BG16CS061', 'Monisha G', 'monswim12398@gmail.com', '1BG16CS061'),
('1BG16CS062', 'Murudeshwar Barole', 'murudeshwarbarole@gmail.com', '1BG16CS062'),
('1BG16CS063', 'Nama Venkata Nagasukesh', 'nagasukesh@gmail.com', '1BG16CS063'),
('1BG16CS064', 'Naman Sinha', 'naman786sinha@gmail.com', '1BG16CS064'),
('1BG16CS065', 'Namitha G', 'namitha.guruprasad1410@gmail.c', '1BG16CS065'),
('1BG16CS066', 'Neeta S Makam', 'neeta2898@gmail.com', '1BG16CS066'),
('1BG16CS067', 'Nihaarika A Jagadish', 'nihaarika1998@gmail.com', '1BG16CS067'),
('1BG16CS069', 'Niriksha N', 'niriksha.nn@gmail.com', '1BG16CS069'),
('1BG16CS070', 'Nishika Tiku', 'nishikatiku098@gmail.com', '1BG16CS070'),
('1BG16CS071', 'Nithyashree H C', 'nithyahc1998@gmail.com', '1BG16CS071'),
('1BG16CS072', 'Ojus Mamatha Srikanth', 'ojusm.s@gmail.com', '1BG16CS072'),
('1BG16CS073', 'Pavan K Agnihotri', 'pavan.agni4@gmail.com', '1BG16CS073'),
('1BG16CS074', 'Prajwal R', '', '1BG16CS074'),
('1BG16CS075', 'Pranamya A B', 'pranamyaab@gmail.com', '1BG16CS075'),
('1BG16CS076', 'Pranav N Rao', 'pranavanrao@gmail.com', '1BG16CS076'),
('1BG16CS077', 'Priya T', 'priyathukaram123@gmail.com', '1BG16CS077'),
('1BG16CS078', 'Pruthvishree S H', 'pruthvi.s.harsha@gmail.com', '1BG16CS078'),
('1BG16CS079', 'Raksha H', 'raksha.techna@gmail.com', '1BG16CS079'),
('1BG16CS080', 'Ramya Prakash K', 'ramyakondabagil@gmail.com', '1BG16CS080'),
('1BG16CS081', 'Ramyashree B', 'bilkantiramyashree@gmail.com', '1BG16CS081'),
('1BG16CS082', 'Ranjana A Bali', 'ranjana.bali1998@gmail.com', '1BG16CS082'),
('1BG16CS083', 'S Akhil', 'akhilshridhar02@gmail.com', '1BG16CS083'),
('1BG16CS084', 'S Harshith', 'sharshith786@gmail.com', '1BG16CS084'),
('1BG16CS085', 'S Mathangi', 'mathangi.s98@gmail.com', '1BG16CS085'),
('1BG16CS086', 'Sachin Ramesh Bujari', 'srbujari01@gmail.com', '1BG16CS086'),
('1BG16CS087', 'Sadhana Suresh Chettiar', 'sadhanasuresh123@gmail.com', '1BG16CS087'),
('1BG16CS088', 'Sagar Srinivas', 'sagarsrinivas3@gmail.com', '1BG16CS088'),
('1BG16CS089', 'Samyuktha Bhaskar', 'samyuktha0203@gmail.com ', '1BG16CS089'),
('1BG16CS090', 'Sharath Hoblidar', 'sharathh100@gmail.com', '1BG16CS090'),
('1BG16CS092', 'Shathanik Marasur', 'shathanik.m@gmail.com', '1BG16CS092'),
('1BG16CS093', 'Shishira', '', '1BG16CS093'),
('1BG16CS094', 'Shravya A', 'shravya.a2698@gmail.com', '1BG16CS094'),
('1BG16CS095', 'Shravya S Madhusudan', 'shravya1837@gmail.com', '1BG16CS095'),
('1BG16CS096', 'Shreyans Jain', 'shreyanskjain06@gmail.com', '1BG16CS096'),
('1BG16CS097', 'Shreyas K Shankar', '', '1BG16CS097'),
('1BG16CS098', 'Shrinidhi H R', 'shrinidhihr98@gmail.com', '1BG16CS098'),
('1BG16CS099', 'Shubhashri T V', 'shubhz1998@gmail.com', '1BG16CS099'),
('1BG16CS100', 'Skanda D Meda', 'medaskanda@gmail.com', '1BG16CS100'),
('1BG16CS101', 'Somya', 'somyacarmel5353@gmail.com', '1BG16CS101'),
('1BG16CS102', 'Soudhamini K Y', '', '1BG16CS102'),
('1BG16CS103', 'Sreenidhi K R', 'rsri1998@gmail.com', '1BG16CS103'),
('1BG16CS104', 'Srigovind Nayak', 'srigovindnayak1@gmail.com', '1BG16CS104'),
('1BG16CS105', 'Sumanaspurthi P S', 'sumanaspurthi@gmail.com ', '1BG16CS105'),
('1BG16CS106', 'Suraj C T', 'surajctbirur@gmail.com', '1BG16CS106'),
('1BG16CS107', 'Suraksha Sushilendra Tasgaonkar', 'surakshatasgaonkar@outlook.com', '1BG16CS107'),
('1BG16CS108', 'Suresh B Patel', 'suresh.suresh.patel0@gmail.com', '1BG16CS108'),
('1BG16CS109', 'Swathi V', 'swathivenkatesh.98@gmail.com', '1BG16CS109'),
('1BG16CS110', 'Tanay M Balraj', 'tanaymb@gmail.com', '1BG16CS110'),
('1BG16CS111', 'Tanya', 'tanyacarmel555@gmail.com', '1BG16CS111'),
('1BG16CS112', 'Tejas D', '', '1BG16CS112'),
('1BG16CS113', 'Thanushree V', 'thanucse98@gmail.com', '1BG16CS113'),
('1BG16CS114', 'Tharun Kumar T', 'tarunkumar571999@gmail.com', '1BG16CS114'),
('1BG16CS115', 'Tina P', 'tinap9498@gmail.com', '1BG16CS115'),
('1BG16CS116', 'Utkarshini Acharya', 'utkarshiniacharya@gmail.com', '1BG16CS116'),
('1BG16CS117', 'V R Rohith', 'rohithvr3@gmail.com', '1BG16CS117'),
('1BG16CS118', 'Varun P Kashyap', 'varunpkashyap98@gmail.com', '1BG16CS118'),
('1BG16CS119', 'Vedant Jain', 'jain.vedant23@gmail.com', '1BG16CS119'),
('1BG16CS121', 'Vikram S', 'subramanya.vikram@gmail.com', '1BG16CS121'),
('1BG16CS123', 'Zainab Noorain', 'zainabn98@gmail.com', '1BG16CS123'),
('1BG16CS124', 'Soumiya Rao T', 'soumiya.rao.t@gmail.com', '1BG16CS124'),
('1BG16CS125', 'Keerthana Velilani', 'keerthana.velilani@gmail.com', '1BG16CS125'),
('1BG16CS126', 'Ankita Chatterjee', 'ankitac3021@gmail.com', '1BG16CS126'),
('1BG16CS127', 'Ashmita Roy', 'royashmita818@gmail.com', '1BG16CS127'),
('1BG16CS128', 'Hindu Kumari G V', 'gvhindukumari@gmail.com', '1BG16CS128'),
('1BG16CS129', 'Tejeswini R', 'tejeswinir0098@gmail.com', '1BG16CS129'),
('1BG17CS400', 'AbhilashaM E', 'abhilashabhime@gmail.com', '1BG17CS400'),
('1BG17CS401', 'BharathU', '', '1BG17CS401'),
('1BG17CS402', 'Deekshith Raj H C', 'veenadeeku@gmail.com', '1BG17CS402'),
('1BG17CS403', 'Divya Krishna', 'divyakrishna343@gmail.com', '1BG17CS403'),
('1BG17CS404', 'Kiran Prabhakaran M', 'kiranappu5585@gmail.com', '1BG17CS404'),
('1BG17CS405', 'Manasa C', 'manasacs98@gmail.com', '1BG17CS405'),
('1BG17CS406', 'Manojkumar B', 'manojkumar97436@gmail.com', '1BG17CS406'),
('1BG17CS407', 'Pooja Suresh Talekar', 'pujatalekar98@gmail.com', '1BG17CS407'),
('1BG17CS411', 'Praveen Rudrappa Durgad', 'drpraveen98@gmail.com', '1BG17CS411'),
('1BG17CS412', 'Ramya K', 'kramya424@gmail.com', '1BG17CS412'),
('1BG17CS413', 'Sachin T D', '', '1BG17CS413'),
('1BG17CS414', 'Sadik Basha', 'sadiksb71@gmail.com', '1BG17CS414'),
('1BG17CS416', 'Smitha S', 'smitha22137@gmail.com', '1BG17CS416'),
('1BG17CS417', 'Sujay Y', 'sujaysuzoo@gmail.com', '1BG17CS417'),
('1BG17CS418', 'Tejas Chavan B. R', 'Tejaschavan812@gmail.com', '1BG17CS418'),
('1BG17CS419', 'Vallish M A', 'Vallish46@gmail.com', '1BG17CS419'),
('1BG17CS420', 'Varun S', 'itsvaarun@gmail.com', '1BG17CS420'),
('1BG17CS421', 'Veda M', 'Ashoka.vedha@gmail.com', '1BG17CS421'),
('1BG17CS422', 'Vijayalakshmi K', 'vijaya2114@gmail.com', '1BG17CS422'),
('1BG17CS423', 'Yashwanth R', 'yashwathyadav0001@gmail.com', '1BG17CS423');

--
-- Indexes for dumped tables
--

--
-- Indexes for table `admin`
--
ALTER TABLE `admin`
  ADD PRIMARY KEY (`Admin_ID`),
  ADD UNIQUE KEY `Admin_ID` (`Admin_ID`);

--
-- Indexes for table `alumni`
--
ALTER TABLE `alumni`
  ADD PRIMARY KEY (`Alumni_id`),
  ADD UNIQUE KEY `Alumni_id` (`Alumni_id`),
  ADD KEY `Company_ID` (`Company_ID`);

--
-- Indexes for table `branch`
--
ALTER TABLE `branch`
  ADD PRIMARY KEY (`Branch_ID`),
  ADD UNIQUE KEY `Branch_ID` (`Branch_ID`);

--
-- Indexes for table `company`
--
ALTER TABLE `company`
  ADD PRIMARY KEY (`Company_ID`),
  ADD UNIQUE KEY `Company_ID` (`Company_ID`);

--
-- Indexes for table `registered`
--
ALTER TABLE `registered`
  ADD KEY `User_ID` (`User_ID`),
  ADD KEY `Company_ID` (`Company_ID`);

--
-- Indexes for table `requirements`
--
ALTER TABLE `requirements`
  ADD KEY `Company_ID` (`Company_ID`);

--
-- Indexes for table `student`
--
ALTER TABLE `student`
  ADD KEY `user_id` (`user_id`),
  ADD KEY `Branch_ID` (`Branch_ID`);

--
-- Indexes for table `user`
--
ALTER TABLE `user`
  ADD PRIMARY KEY (`User_ID`),
  ADD UNIQUE KEY `User_ID` (`User_ID`);

--
-- Constraints for dumped tables
--

--
-- Constraints for table `alumni`
--
ALTER TABLE `alumni`
  ADD CONSTRAINT `alumni_ibfk_1` FOREIGN KEY (`Company_ID`) REFERENCES `company` (`Company_ID`);

--
-- Constraints for table `registered`
--
ALTER TABLE `registered`
  ADD CONSTRAINT `registered_ibfk_1` FOREIGN KEY (`User_ID`) REFERENCES `user` (`User_ID`),
  ADD CONSTRAINT `registered_ibfk_2` FOREIGN KEY (`Company_ID`) REFERENCES `company` (`Company_ID`);

--
-- Constraints for table `requirements`
--
ALTER TABLE `requirements`
  ADD CONSTRAINT `requirements_ibfk_1` FOREIGN KEY (`Company_ID`) REFERENCES `company` (`Company_ID`);

--
-- Constraints for table `student`
--
ALTER TABLE `student`
  ADD CONSTRAINT `student_ibfk_1` FOREIGN KEY (`user_id`) REFERENCES `user` (`User_ID`),
  ADD CONSTRAINT `student_ibfk_2` FOREIGN KEY (`Branch_ID`) REFERENCES `branch` (`Branch_ID`);
COMMIT;

/*!40101 SET CHARACTER_SET_CLIENT=@OLD_CHARACTER_SET_CLIENT */;
/*!40101 SET CHARACTER_SET_RESULTS=@OLD_CHARACTER_SET_RESULTS */;
/*!40101 SET COLLATION_CONNECTION=@OLD_COLLATION_CONNECTION */;
